searge,name,side,desc
field_100013_f,isPotionDurationMax,0,"True if potion effect duration is at maximum, false otherwise."
field_104003_g,isAggressive,2,
field_104057_T,isGamemodeForced,2,
field_110150_bn,lastAttacker,2,
field_110152_bk,newPosZ,2,
field_110153_bc,lastDamage,2,Damage taken in the last hit. Mobs are resistant to damage less than this for a short time after taking damage.
field_110155_d,attributeMap,2,
field_110156_b,sprintingSpeedBoostModifierUUID,2,
field_110157_c,sprintingSpeedBoostModifier,2,
field_110158_av,swingProgressInt,2,
field_110168_bw,leashedToEntity,2,
field_110169_bv,isLeashed,2,
field_110170_bx,leashNBTTag,2,
field_110178_bs,aiBase,2,
field_110187_bq,babySpeedBoostUUID,2,
field_110188_br,babySpeedBoostModifier,2,
field_110192_bp,attackingSpeedBoostModifierUUID,2,
field_110193_bq,attackingSpeedBoostModifier,2,
field_110194_bu,lastEntityToAttack,2,
field_110268_bz,horseTextures,2,
field_110270_bw,horseArmorTextures,2,
field_110271_bv,horseJumpStrength,2,
field_110272_by,armorValues,2,
field_110274_bs,temper,2,"""The higher this value, the more likely the horse is to be tamed next time a player rides it."""
field_110275_br,horseJumping,2,
field_110276_bu,horseBreedingSelector,2,
field_110277_bt,jumpPower,2,
field_110281_bL,rearingAmount,2,
field_110282_bM,prevRearingAmount,2,
field_110283_bJ,headLean,2,
field_110284_bK,prevHeadLean,2,
field_110285_bP,gallopTime,2,Used to determine the sound that the horse should make when it steps
field_110287_bN,mouthOpenness,2,
field_110288_bO,prevMouthOpenness,2,
field_110289_bD,eatingHaystackCounter,2,
field_110290_bE,openMouthCounter,2,
field_110291_bB,horseMarkingTextures,2,
field_110293_bH,hasReproduced,2,
field_110295_bF,jumpRearingCounter,2,
field_110296_bG,horseChest,2,
field_110312_d,locationSkin,0,
field_110313_e,locationCape,0,
field_110314_b,locationStevePng,0,
field_110320_a,horseJumpPowerCounter,0,
field_110321_bQ,horseJumpPower,0,
field_110323_l,statIcons,0,
field_110324_m,icons,0,
field_110325_k,optionsBackground,0,
field_110328_d,pumpkinBlurTexPath,0,
field_110329_b,vignetteTexPath,0,
field_110330_c,widgetsTexPath,0,
field_110352_y,minecraftTitleTextures,0,
field_110353_x,splashTexts,0,
field_110444_H,locationMojangPng,0,
field_110445_I,macDisplayModes,0,
field_110446_Y,fileAssets,0,
field_110447_Z,launchedVersion,0,
field_110448_aq,mcResourcePackRepository,0,
field_110449_ao,defaultResourcePacks,0,
field_110450_ap,mcDefaultResourcePack,0,
field_110451_am,mcResourceManager,0,
field_110452_an,metadataSerializer_,0,
field_110453_aa,proxy,0,
field_110456_c,serverProxy,2,
field_110463_b,packFormat,0,
field_110464_a,packDescription,0,
field_110465_b,charLefts,0,
field_110466_c,charSpacings,0,
field_110467_a,charWidths,0,
field_110475_d,frameTime,0,
field_110476_b,frameWidth,0,
field_110477_c,frameHeight,0,
field_110478_a,animationFrames,0,
field_110481_b,textureClamp,0,
field_110482_a,textureBlur,0,
field_110498_b,frameTime,0,
field_110499_a,frameIndex,0,
field_110506_b,gsonBuilder,0,
field_110507_c,gson,0,"Cached Gson instance. Set to null when more sections are registered, and then re-created from the builder."
field_110508_a,metadataSectionSerializerRegistry,0,
field_110520_f,locationTexturePackIcon,0,
field_110521_d,rePackMetadataSection,0,
field_110522_e,texturePackIcon,0,
field_110523_b,resourcePackFile,0,
field_110524_c,reResourcePack,0,
field_110529_f,mcmetaJsonChecked,0,
field_110530_g,mcmetaJson,0,
field_110531_d,mcmetaInputStream,0,
field_110532_e,srMetadataSerializer,0,
field_110533_b,srResourceLocation,0,
field_110534_c,resourceInputStream,0,
field_110535_a,mapMetadataSections,0,
field_110539_b,frmMetadataSerializer,0,
field_110540_a,resourcePacks,0,
field_110546_b,reloadListeners,0,
field_110547_c,rmMetadataSerializer,0,
field_110548_a,domainResourceManagers,0,
field_110553_a,glTextureId,0,
field_110559_g,textureUploaded,0,
field_110560_d,bufferedImage,0,
field_110561_e,imageThread,0,
field_110562_b,imageUrl,0,
field_110563_c,imageBuffer,0,
field_110566_b,dynamicTextureData,0,
field_110567_b,layeredTextureNames,0,
field_110568_b,textureLocation,0,
field_110574_e,mapRegisteredSprites,0,
field_110575_b,locationBlocksTexture,0,
field_110576_c,locationItemsTexture,0,
field_110582_d,theResourceManager,0,
field_110583_b,listTickables,0,
field_110584_c,mapTextureCounters,0,
field_110585_a,mapTextureObjects,0,
field_110597_b,resourcePackFile,0,
field_110598_a,resourceLog,0,
field_110600_d,resourcePackZipFile,0,
field_110601_c,entryNameSplitter,0,
field_110608_a,defaultResourceDomains,0,
field_110617_f,repositoryEntries,0,
field_110618_d,dirResourcepacks,0,
field_110619_e,repositoryEntriesAll,0,
field_110620_b,rprDefaultResourcePack,0,
field_110621_c,rprMetadataSerializer,0,
field_110622_a,resourcePackFilter,0,
field_110625_b,resourcePath,0,
field_110626_a,resourceDomain,0,
field_110684_D,frontRightLeg,0,
field_110685_E,frontRightShin,0,
field_110686_F,frontRightHoof,0,
field_110687_G,muleLeftChest,0,The left chest box on the mule model.
field_110688_A,frontLeftLeg,0,
field_110689_B,frontLeftShin,0,
field_110690_C,frontLeftHoof,0,
field_110691_L,horseLeftSaddleRope,0,
field_110692_M,horseLeftSaddleMetal,0,
field_110693_N,horseRightSaddleRope,0,
field_110694_O,horseRightSaddleMetal,0,
field_110695_H,muleRightChest,0,The right chest box on the mule model.
field_110696_I,horseSaddleBottom,0,
field_110697_J,horseSaddleFront,0,
field_110698_K,horseSaddleBack,0,
field_110699_Q,horseRightFaceMetal,0,The right metal connected to the horse's face ropes.
field_110700_P,horseLeftFaceMetal,0,The left metal connected to the horse's face ropes.
field_110701_S,horseRightRein,0,
field_110702_R,horseLeftRein,0,
field_110703_f,muleLeftEar,0,The left ear box for the mule model.
field_110704_g,muleRightEar,0,The right ear box for the mule model.
field_110705_d,horseLeftEar,0,
field_110706_e,horseRightEar,0,
field_110707_b,mouthTop,0,
field_110708_c,mouthBottom,0,
field_110709_a,head,0,
field_110710_n,tailTip,0,
field_110711_o,backLeftLeg,0,
field_110712_l,tailBase,0,
field_110713_m,tailMiddle,0,
field_110714_j,mane,0,
field_110715_k,body,0,
field_110716_h,neck,0,
field_110717_i,horseFaceRopes,0,The box for the horse's ropes on its face.
field_110718_w,backLeftHoof,0,
field_110719_v,backLeftShin,0,
field_110720_z,backRightHoof,0,
field_110721_y,backRightShin,0,
field_110722_x,backRightLeg,0,
field_110737_b,particleTextures,0,
field_110778_a,shadowTextures,0,
field_110780_a,arrowTextures,0,
field_110782_f,boatTextures,0,
field_110785_a,experienceOrbTextures,0,
field_110787_a,enderCrystalTextures,0,
field_110789_a,mapBackgroundTextures,0,
field_110798_h,RES_ITEM_GLINT,0,
field_110801_f,leashKnotModel,0,
field_110802_a,leashKnotTextures,0,
field_110804_g,minecartTextures,0,
field_110810_f,witherTextures,0,
field_110811_a,invulnerableWitherTextures,0,
field_110814_a,RES_ITEM_GLINT,0,
field_110826_a,steveTextures,0,
field_110830_f,creeperTextures,0,
field_110831_a,armoredCreeperTextures,0,
field_110833_a,cowTextures,0,
field_110835_a,batTextures,0,
field_110837_a,blazeTextures,0,
field_110839_f,endermanTextures,0,
field_110840_a,endermanEyesTexture,0,
field_110842_f,enderDragonExplodingTextures,0,
field_110843_g,enderDragonCrystalBeamTextures,0,
field_110844_k,enderDragonTextures,0,
field_110845_h,enderDragonEyesTextures,0,
field_110850_f,whiteHorseTextures,0,
field_110851_g,muleTextures,0,
field_110853_l,skeletonHorseTextures,0,
field_110854_k,zombieHorseTextures,0,
field_110855_h,donkeyTextures,0,
field_110861_l,witherSkeletonTextures,0,
field_110862_k,skeletonTextures,0,
field_110864_q,zombieVillagerTextures,0,
field_110865_p,zombieTextures,0,
field_110866_o,zombiePigmanTextures,0,
field_110868_f,ghastShootingTextures,0,
field_110869_a,ghastTextures,0,
field_110871_a,zombieTextures,0,
field_110873_a,magmaCubeTextures,0,
field_110875_f,ocelotTextures,0,
field_110876_g,redOcelotTextures,0,
field_110877_a,blackOcelotTextures,0,
field_110878_h,siameseOcelotTextures,0,
field_110880_a,mooshroomTextures,0,
field_110882_a,silverfishTextures,0,
field_110884_f,shearedSheepTextures,0,
field_110885_a,sheepTextures,0,
field_110887_f,pigTextures,0,
field_110888_a,saddledPigTextures,0,
field_110890_f,spiderTextures,0,
field_110891_a,spiderEyesTextures,0,
field_110893_a,caveSpiderTextures,0,
field_110895_a,snowManTextures,0,
field_110897_a,slimeTextures,0,
field_110899_a,ironGolemTextures,0,
field_110901_a,squidTextures,0,
field_110903_f,villagerTextures,0,
field_110904_g,farmerVillagerTextures,0,
field_110905_l,smithVillagerTextures,0,
field_110906_m,butcherVillagerTextures,0,
field_110907_k,priestVillagerTextures,0,
field_110908_h,librarianVillagerTextures,0,
field_110910_a,witchTextures,0,
field_110912_f,witherTextures,0,
field_110913_a,invulnerableWitherTextures,0,
field_110915_f,tamedWolfTextures,0,
field_110916_g,anrgyWolfTextures,0,
field_110917_a,wolfTextures,0,
field_110918_h,wolfCollarTextures,0,
field_110920_a,chickenTextures,0,
field_110922_T,locationLightMap,0,
field_110923_r,locationSnowPng,0,
field_110924_q,locationRainPng,0,
field_110925_j,locationCloudsPng,0,
field_110926_k,locationEndSkyPng,0,
field_110927_h,locationMoonPhasesPng,0,
field_110928_i,locationSunPng,0,
field_110929_d,RES_UNDERWATER_OVERLAY,0,
field_110930_b,RES_ITEM_GLINT,0,
field_110931_c,RES_MAP_BACKGROUND,0,
field_110973_g,frameCounter,0,
field_110974_d,originY,0,
field_110975_c,originX,0,
field_110976_a,framesTextureData,0,
field_110977_n,minV,0,
field_110978_o,maxV,0,
field_110979_l,minU,0,
field_110980_m,maxU,0,
field_110982_k,animationMetadata,0,
field_110983_h,tickCounter,0,
field_110984_i,iconName,0,
field_110999_b,missingTextureData,0,
field_111000_c,dataBuffer,0,
field_111001_a,missingTexture,0,
field_111053_a,numericVariablePattern,2,"Pattern that matches numeric variable placeholders in a resource string, such as ""%d"", ""%3$d"", ""%.2f"""
field_111113_b,defaultValue,2,
field_111114_c,shouldWatch,2,
field_111115_a,unlocalizedName,2,
field_111118_b,maximumValue,2,
field_111119_c,description,2,
field_111120_a,minimumValue,2,
field_111132_f,baseValue,2,
field_111133_g,needsUpdate,2,
field_111134_d,mapByName,2,
field_111135_e,mapByUUID,2,
field_111136_b,genericAttribute,2,The Attribute this is an instance of
field_111137_c,mapByOperation,2,
field_111138_a,attributeMap,2,The BaseAttributeMap this attributeInstance can be found in
field_111139_h,cachedValue,2,
field_111153_b,attributesByName,2,
field_111154_a,attributes,2,
field_111162_d,attributeInstanceSet,2,
field_111163_c,descriptionToAttributeInstanceMap,2,
field_111170_d,id,2,
field_111171_e,isSaved,2,"If false, this modifier is not saved in NBT. Used for ""natural"" modifiers like speed boost from sprinting"
field_111172_b,operation,2,
field_111173_c,name,2,
field_111174_a,amount,2,
field_111180_a,horseHost,2,
field_111188_I,attributeModifierMap,2,Contains a Map of the AttributeModifiers registered by potions
field_111192_g,previousTotalWorldTime,2,time what is using to check if InhabitedTime should be calculated
field_111193_e,playerInstanceList,2,This field is using when chunk should be processed (every 8000 ticks)
field_111198_g,previousWorldTime,2,time what is using when chunk InhabitedTime is being calculated
field_111203_a,moonPhaseFactors,2,
field_111204_q,inhabitedTime,2,the cumulative number of ticks players have been in this chunk
field_111210_e,itemModifierUUID,2,
field_111218_cA,iconString,2,The string associated with this Item's Icon.
field_111242_f,theHorse,2,
field_111263_d,movementSpeed,2,
field_111264_e,attackDamage,2,
field_111265_b,followRange,2,
field_111266_c,knockbackResistance,2,
field_111267_a,maxHealth,2,
field_111273_g,locationFontTexture,0,
field_111274_c,unicodePageLocations,0,
field_130070_K,fileResourcepacks,0,
field_130074_a,joinerResourcePacks,0,
field_130089_b,mapResourceLocations,0,
field_130222_e,rotated,0,
field_130223_c,width,0,
field_130224_d,height,0,
field_135017_as,mcLanguageManager,0,
field_135019_a,languages,0,
field_135030_b,splitter,0,"Splits on ""="""
field_135036_d,bidirectional,0,
field_135037_b,region,0,
field_135038_c,name,0,
field_135039_a,languageCode,0,
field_135046_d,languageMap,0,
field_135047_b,theMetadataSerializer,0,
field_135048_c,currentLanguage,0,
field_135049_a,currentLocale,0,
field_135054_a,i18nLocale,0,
field_135057_d,setResourceDomains,0,
field_135059_Q,animalSpawner,2,
field_135065_b,equalSignSplitter,2,"A Splitter that splits a string on the first ""="".  For example, ""a=b=c"" would split into [""a"", ""b=c""]."
field_142016_bo,lastAttackerTime,2,Holds the value of ticksExisted when setLastAttacker was last called.
field_142022_ce,clientBrand,0,
field_142025_a,isRunningOnMac,0,
field_142052_b,revengeTimerOld,2,Store the previous revengeTimer value
field_143005_bX,playerLastActiveTime,2,
field_143008_E,maxPlayerIdleMinutes,2,
field_145761_f,customName,2,"The custom name of the command block. (defaults to ""@"")"
field_145762_d,lastOutput,2,The previously run command.
field_145763_e,Command,2,The command stored in the command block.
field_145764_b,successCount,2,The number of successful commands run. (used for redstone output)
field_145765_c,trackOutput,2,
field_145766_a,timestampFormat,2,The formatting for the timestamp on commands run.
field_145783_c,entityId,2,
field_145785_f,inBlock,2,
field_145786_d,yTile,2,
field_145787_e,zTile,2,
field_145788_c,xTile,2,
field_145803_d,logger,2,
field_145804_b,delayBeforeCanPickup,2,
field_145809_g,hurtEntities,2,
field_145810_d,tileEntityData,2,
field_145811_e,blockObj,2,
field_145812_b,fallTime,2,
field_145813_c,shouldDropItem,2,
field_145814_a,metadata,2,
field_145815_h,fallHurtMax,2,
field_145816_i,fallHurtAmount,2,
field_145846_f,tileEntityInvalid,2,
field_145847_g,blockMetadata,2,
field_145848_d,yCoord,2,
field_145849_e,zCoord,2,
field_145850_b,worldObj,2,the instance of the world the tile entity is in.
field_145851_c,xCoord,2,
field_145852_a,logger,2,
field_145853_j,classToNameMap,2,A HashMap storing the classes and mapping to the string names (reverse of nameToClassMap).
field_145854_h,blockType,2,the Block type that this TileEntity is contained within
field_145855_i,nameToClassMap,2,A HashMap storing string names of classes mapping to the actual java.lang.Class type.
field_145869_a,storedBlock,2,
field_145870_n,lastProgress,2,the progress in (de)extending
field_145871_o,pushedObjects,2,
field_145872_l,shouldHeadBeRendered,2,
field_145873_m,progress,2,
field_145874_j,storedOrientation,2,the side the front of the piston is on
field_145875_k,extending,2,if this piston is extending or not
field_145876_i,storedMetadata,2,
field_145879_a,note,2,Note to play
field_145880_i,previousRedstoneState,2,stores the latest redstone state
field_145901_j,transferCooldown,2,
field_145908_a,skullType,2,
field_145910_i,skullRotation,2,
field_145915_a,signText,2,
field_145916_j,isEditable,2,
field_145918_i,lineBeingEdited,2,"The index of the line currently being edited. Only used on client side, but defined on both. Note this is only really used when the > < are going to be visible."
field_145925_p,bookRotationPrev,2,
field_145926_a,tickCount,2,
field_145927_n,bookSpreadPrev,2,
field_145928_o,bookRotation,2,
field_145930_m,bookSpread,2,
field_145931_j,pageFlipPrev,2,
field_145933_i,pageFlip,2,
field_145941_a,inputSlots,2,an array of the input slot indices
field_145943_l,filledSlots,2,an integer with each bit specifying whether that slot of the stand contains a potion
field_145944_m,ingredientID,2,used to check if the current ingredient has been removed from the brewing stand during brewing
field_145945_j,brewingItemStacks,2,The ItemStacks currently placed in the slots of the brewing stand
field_145946_k,brewTime,2,
field_145947_i,outputSlots,2,an array of the output slot indices
field_145956_a,furnaceBurnTime,2,The number of ticks that the furnace will keep burning
field_145957_n,furnaceItemStacks,2,The ItemStacks that hold the items currently being used in the furnace
field_145958_o,furnaceCustomName,2,
field_145959_l,slotsBottom,2,
field_145960_m,slotsSides,2,
field_145961_j,furnaceCookTime,2,The number of ticks that the current item has been cooking for
field_145962_k,slotsTop,2,
field_145963_i,currentItemBurnTime,2,The number of ticks that a fresh copy of the currently-burning item would keep the furnace burning for
field_145967_a,flowerPotItem,2,
field_145968_i,flowerPotData,2,
field_145975_i,prevLidAngle,2,The angle of the ender chest lid last tick
field_145981_s,customName,2,
field_145982_r,cachedChestType,2,
field_145983_q,ticksSinceSync,2,Server sync counter (once per 20 ticks)
field_145984_a,adjacentChestChecked,2,Determines if the check for adjacent chests has taken place.
field_145985_p,chestContents,2,
field_145986_n,prevLidAngle,2,The angle of the lid last tick
field_145987_o,numPlayersUsing,2,The number of players currently using this chest
field_145988_l,adjacentChestZPos,2,Contains the chest tile located adjacent to this one (if any)
field_145989_m,lidAngle,2,The current angle of the lid (between 0 and 1)
field_145990_j,adjacentChestXPos,2,Contains the chest tile located adjacent to this one (if any)
field_145991_k,adjacentChestXNeg,2,Contains the chest tile located adjacent to this one (if any)
field_145992_i,adjacentChestZNeg,2,Contains the chest tile located adjacent to this one (if any)
field_145997_a,outputSignal,2,
field_146009_a,effectsList,2,List of effects that Beacon can apply
field_146010_n,secondaryEffect,2,Secondary potion effect given by this beacon.
field_146011_o,payment,2,Item given to this beacon as payment.
field_146012_l,levels,2,Level of this beacon's pyramid.
field_146013_m,primaryEffect,2,Primary potion effect given by this beacon.
field_146015_k,isComplete,2,
field_146036_f,FISH,2,
field_146037_g,xTile,2,
field_146038_az,ticksCatchableDelay,2,
field_146039_d,JUNK,2,
field_146040_ay,ticksCaughtDelay,2,
field_146041_e,VALUABLES,2,
field_146042_b,angler,2,
field_146043_c,caughtEntity,2,
field_146044_a,shake,2,
field_146045_ax,ticksCatchable,2,
field_146046_j,inTile,2,
field_146047_aw,ticksInAir,2,
field_146048_h,yTile,2,
field_146049_av,ticksInGround,2,
field_146050_i,zTile,2,
field_146051_au,inGround,2,
field_146054_aA,fishApproachAngle,2,
field_146055_aB,fishPosRotationIncrements,2,
field_146056_aC,fishX,2,
field_146057_aD,fishY,2,
field_146058_aE,fishZ,2,
field_146059_aF,fishYaw,2,
field_146060_aG,fishPitch,2,
field_146084_br,playerInLove,2,
field_146087_bs,entityAIEatGrass,2,
field_146106_i,gameProfile,2,The player's unique game profile
field_146109_a,mc,0,
field_146120_f,width,0,Button width in pixels
field_146121_g,height,0,Button height in pixels
field_146122_a,buttonTextures,0,
field_146123_n,hovered,0,
field_146124_l,enabled,0,"True if this control is enabled, false to disable."
field_146125_m,visible,0,Hides the button completely if false.
field_146126_j,displayString,0,The string displayed on this control.
field_146127_k,id,0,
field_146128_h,xPosition,0,The x position of this control.
field_146129_i,yPosition,0,The y position of this control.
field_146133_q,options,0,
field_146134_p,sliderValue,0,
field_146135_o,dragging,0,
field_146137_o,enumOptions,0,
field_146164_r,fontRenderer,0,
field_146170_l,centered,0,
field_146171_m,labelBgEnabled,0,
field_146172_j,visible,0,
field_146209_f,xPosition,0,
field_146210_g,yPosition,0,
field_146211_a,fontRendererInstance,0,
field_146212_n,canLoseFocus,0,if true the textbox can lose focus by clicking elsewhere on the screen
field_146213_o,isFocused,0,"If this value is true along with isEnabled, keyTyped will process the keys."
field_146214_l,cursorCounter,0,
field_146215_m,enableBackgroundDrawing,0,
field_146216_j,text,0,Has the current text being edited on the textbox.
field_146217_k,maxStringLength,0,
field_146218_h,width,0,The width of this text field.
field_146219_i,height,0,
field_146220_v,visible,0,True if this textbox is visible
field_146221_u,disabledColor,0,
field_146222_t,enabledColor,0,
field_146223_s,selectionEnd,0,"other selection position, maybe the same as the cursor"
field_146224_r,cursorPosition,0,
field_146225_q,lineScrollOffset,0,The current character index that should be used as start of the rendered text.
field_146226_p,isEnabled,0,"If this value is true along with isFocused, keyTyped will process the keys."
field_146247_f,mc,0,
field_146248_g,sentMessages,0,A list of messages previously sent through the chat GUI
field_146249_a,logger,0,
field_146250_j,scrollPos,0,
field_146251_k,isScrolled,0,
field_146252_h,chatLines,0,Chat lines to be displayed in the chat box
field_146259_f,mc,0,
field_146260_g,width,0,
field_146261_a,achievementBg,0,
field_146262_n,permanentNotification,0,
field_146263_l,notificationTime,0,
field_146264_m,renderItem,0,
field_146265_j,achievementDescription,0,
field_146266_k,theAchievement,0,
field_146267_h,height,0,
field_146268_i,achievementTitle,0,
field_146287_f,eventButton,0,
field_146288_g,lastMouseEvent,0,
field_146289_q,fontRendererObj,0,The FontRenderer used by GuiScreen
field_146290_a,selectedButton,0,The button that was just pressed.
field_146291_p,allowUserInput,0,
field_146292_n,buttonList,0,A list of all the buttons in this container.
field_146293_o,labelList,0,A list of all the labels in this container.
field_146294_l,width,0,The width of the screen object.
field_146295_m,height,0,The height of the screen object.
field_146296_j,itemRender,0,"Holds a instance of RenderItem, used to draw the achievement icons on screen (is based on ItemStack)"
field_146297_k,mc,0,Reference to the Minecraft object.
field_146298_h,touchValue,0,"Incremented when the game is in touchscreen mode and the screen is tapped, decremented if the screen isn't tapped. Does not appear to be used."
field_146304_f,message,0,
field_146305_g,multilineMessage,0,
field_146306_a,reason,0,
field_146307_h,parentScreen,0,
field_146308_f,serverIPField,0,
field_146309_g,serverNameField,0,
field_146310_a,parentScreen,0,
field_146311_h,serverData,0,
field_146349_a,logger,0,
field_146351_f,messageLine1,0,
field_146352_g,confirmButtonText,0,The text shown for the first button in GuiYesNo
field_146353_s,ticksUntilEnable,0,
field_146354_r,messageLine2,0,
field_146355_a,parentScreen,0,A reference to the screen object that created this. Used for navigating between screens.
field_146356_h,cancelButtonText,0,The text shown for the second button in GuiYesNo
field_146357_i,parentButtonClickedId,0,
field_146360_u,showSecurityWarning,0,
field_146361_t,linkText,0,
field_146362_s,copyLinkButtonText,0,Label for the Copy to Clipboard button.
field_146363_r,openLinkWarning,0,Text to warn players from opening unsafe links.
field_146370_f,logger,0,
field_146371_g,networkManager,0,
field_146372_a,CONNECTION_ID,0,
field_146373_h,cancel,0,
field_146374_i,previousGuiScreen,0,
field_146385_f,createWorldGui,0,
field_146387_g,theFlatGeneratorInfo,0,
field_146390_s,createFlatWorldListSlotGui,0,
field_146400_h,game_settings,0,
field_146408_f,logger,0,
field_146409_v,defaultInputFieldText,0,is the text that appears when you press the chat key and the input box appears pre-filled
field_146410_g,historyBuffer,0,
field_146411_u,clickedURI,0,used to pass around the URI to various dialogues and to the host os
field_146412_t,foundPlayerNames,0,
field_146413_s,autocompleteIndex,0,
field_146414_r,waitingOnAutocomplete,0,
field_146415_a,inputField,0,Chat entry field
field_146416_h,sentHistoryCursor,0,"keeps position of which chat message you will select when you press up, (does not increase for duplicated messages sent immediately after each other)"
field_146417_i,playerNamesFound,0,
field_146443_h,game_settings_1,0,Reference to the GameSettings object.
field_146451_g,game_settings_3,0,Reference to the GameSettings object.
field_146465_D,buttonSign,0,The GuiButton to sign this book.
field_146466_f,bookGuiTextures,0,
field_146467_E,buttonFinalize,0,
field_146468_g,editingPlayer,0,The player editing the book
field_146469_F,buttonCancel,0,
field_146470_A,buttonNextPage,0,
field_146471_B,buttonPreviousPage,0,
field_146472_C,buttonDone,0,
field_146473_a,logger,0,
field_146474_h,bookObj,0,
field_146475_i,bookIsUnsigned,0,Whether the book is signed or can still be edited
field_146476_w,bookTotalPages,0,
field_146477_v,bookImageHeight,0,
field_146478_u,bookImageWidth,0,
field_146479_t,updateCount,0,Update ticks since the gui was opened
field_146480_s,bookGettingSigned,0,Determines if the signing screen is open
field_146481_r,bookIsModified,0,Whether the book's title or contents has been modified since being opened
field_146482_z,bookTitle,0,
field_146483_y,bookPages,0,
field_146484_x,currPage,0,
field_146485_f,commandTextField,0,Text field containing the command block's command.
field_146487_r,cancelBtn,0,
field_146489_h,localCommandBlock,0,Command block being edited.
field_146490_i,doneBtn,0,"""Done"" button for the GUI."
field_146491_f,buttonId,0,The ID of the button that has been pressed.
field_146492_g,optionsArr,0,
field_146493_s,buttonReset,0,
field_146494_r,keyBindingList,0,
field_146495_a,screenTitle,0,
field_146496_h,parentScreen,0,A reference to the screen object that created this. Used for navigating between screens.
field_146497_i,options,0,Reference to the GameSettings object.
field_146498_f,parentGuiScreen,0,
field_146499_g,guiGameSettings,0,
field_146500_a,screenTitle,0,
field_146501_h,optionsRowList,0,
field_146502_i,videoOptions,0,An array of all of GameSettings.Options's video options.
field_146506_g,game_settings_4,0,Reference to the GameSettings object.
field_146510_b_,lanSearchStates,0,
field_146542_f,screenTitle,0,
field_146543_v,doesGuiPauseGame,0,"When true, the game will be paused when the gui is shown"
field_146544_g,renderItem,0,
field_146545_u,displaySlot,0,
field_146547_s,mobStats,0,
field_146548_r,blockStats,0,
field_146549_a,parentScreen,0,
field_146550_h,generalStats,0,
field_146551_i,itemStats,0,
field_146556_E,statFileWriter,0,
field_146558_F,loadingAchievements,0,
field_146562_a,parentScreen,0,
field_146580_a,logger,0,
field_146593_f,progress,0,
field_146594_a,netHandlerPlayClient,0,
field_146603_f,game_settings_2,0,Reference to the GameSettings object.
field_146629_g,logger,0,
field_146797_f,oldServerPinger,0,
field_146798_g,parentScreen,0,
field_146799_A,lanServerList,0,
field_146800_B,lanServerDetector,0,
field_146801_C,initialized,0,
field_146802_a,logger,0,
field_146803_h,serverListSelector,0,
field_146804_i,savedServerList,0,
field_146805_w,editingServer,0,
field_146806_v,addingServer,0,
field_146807_u,deletingServer,0,
field_146808_t,btnDeleteServer,0,
field_146809_s,btnSelectServer,0,
field_146810_r,btnEditServer,0,
field_146811_z,selectedServer,0,
field_146813_x,directConnect,0,
field_146848_f,tileSign,0,Reference to the sign object.
field_146849_g,updateCounter,0,Counts the number of screen updates.
field_146851_h,editLine,0,The index of the line that is being edited.
field_146852_i,doneBtn,0,"""Done"" button for the GUI."
field_146968_a,logger,0,
field_146974_g,logger,0,
field_146985_D,currentDragTargetSlot,0,
field_146986_E,dragItemDropDelay,0,
field_146987_F,dragSplittingLimit,0,
field_146988_G,dragSplittingButton,0,
field_146989_A,returningStackDestSlot,0,
field_146990_B,returningStackTime,0,
field_146991_C,returningStack,0,Used when touchscreen is enabled
field_146992_L,lastClickButton,0,
field_146993_M,doubleClick,0,
field_146994_N,shiftClickedSlot,0,
field_146995_H,ignoreMouseUp,0,
field_146996_I,dragSplittingRemnant,0,
field_146997_J,lastClickTime,0,
field_146998_K,lastClickSlot,0,
field_146999_f,xSize,0,The X size of the inventory window in pixels.
field_147000_g,ySize,0,The Y size of the inventory window in pixels.
field_147001_a,inventoryBackground,0,The location of the inventory background texture
field_147002_h,inventorySlots,0,A list of the players inventory slots
field_147003_i,guiLeft,0,Starting X position for the Gui. Inconsistent use for Gui backgrounds.
field_147004_w,isRightMouseClick,0,Used when touchscreen is enabled.
field_147005_v,clickedSlot,0,Used when touchscreen is enabled.
field_147006_u,theSlot,0,holds the slot currently hovered
field_147007_t,dragSplitting,0,
field_147008_s,dragSplittingSlots,0,
field_147009_r,guiTop,0,Starting Y position for the Gui. Inconsistent use for Gui backgrounds.
field_147010_z,touchUpY,0,
field_147011_y,touchUpX,0,
field_147012_x,draggedStack,0,Used when touchscreen is enabled
field_147013_v,tileBrewingStand,0,
field_147014_u,brewingStandGuiTextures,0,
field_147015_w,lowerChestInventory,0,
field_147016_v,upperChestInventory,0,
field_147018_x,inventoryRows,0,"window height is calculated with these values; the more rows, the heigher"
field_147019_u,craftingTableGuiTextures,0,
field_147024_w,tileBeacon,0,
field_147025_v,beaconGuiTextures,0,
field_147026_u,logger,0,
field_147027_y,buttonsNotDrawn,0,
field_147028_x,beaconConfirmButton,0,
field_147031_u,horseGuiTextures,0,
field_147039_u,logger,0,
field_147045_u,hasActivePotionEffects,0,True if there is some potion effect to display
field_147047_v,oldMouseY,0,The old y position of the mouse pointer
field_147048_u,oldMouseX,0,The old x position of the mouse pointer
field_147058_w,selectedTabIndex,0,Currently selected creative inventory tab index.
field_147061_u,creativeInventoryTabs,0,The location of the creative inventory tabs texture
field_147062_A,searchField,0,
field_147065_z,wasClicking,0,True if the left mouse button was held down last time drawScreen was called.
field_147066_y,isScrolling,0,True if the scrollbar is being dragged
field_147067_x,currentScroll,0,"Amount scrolled in Creative mode inventory (0 = top, 1 = bottom)"
field_147086_v,tileFurnace,0,
field_147087_u,furnaceGuiTextures,0,
field_147088_v,dispenserGuiTextures,0,
field_147089_u,tileDispenser,0,
field_147091_w,nameField,0,
field_147092_v,anvil,0,
field_147093_u,anvilResource,0,
field_147094_x,playerInventory,0,
field_147102_bM,logger,2,
field_147123_G,logger,0,
field_147124_at,framebufferMc,0,
field_147125_j,pointedEntity,0,
field_147126_aw,mcMusicTicker,0,
field_147127_av,mcSoundHandler,0,
field_147128_au,textureMapBlocks,0,
field_147129_ai,jvm64bit,0,
field_147141_M,serverTexturePack,2,The texture pack for the server
field_147142_T,nanoTimeSinceStatusRefresh,2,
field_147143_S,sessionService,2,
field_147144_o,networkSystem,2,
field_147145_h,logger,2,
field_147146_q,random,2,
field_147147_p,statusResponse,2,
field_147148_h,logger,0,
field_147150_a,logger,2,
field_147166_l,categoryName,0,
field_147167_m,categoryId,0,
field_147175_a,logger,2,
field_147208_a,logger,2,
field_147228_b,logger,0,
field_147229_c,pingDestinations,0,A list of NetworkManagers that have pending pings
field_147230_a,PING_RESPONSE_SPLITTER,0,
field_147299_f,gameController,0,"Reference to the Minecraft instance, which many handler methods operate on"
field_147300_g,clientWorldController,0,"Reference to the current ClientWorld instance, which many handler methods operate on"
field_147301_d,logger,0,
field_147302_e,netManager,0,The NetworkManager instance used to communicate with the server (used only by handlePlayerPosLook to update positioning and handleJoinGame to inform the server of the client distribution/mods)
field_147303_b,playerInfoList,0,An ArrayList of GuiPlayerInfo (includes all the players' GuiPlayerInfo on the current server)
field_147304_c,currentServerMaxPlayers,0,
field_147305_a,mapStorageOrigin,0,Origin of the central MapStorage serving as a public reference for WorldClient. Not used in this class
field_147306_l,avRandomizer,0,"Just an ordinary random number generator, used to randomize audio pitch of item/orb pickup and randomize both particlespawn offset and velocity"
field_147307_j,guiScreenServer,0,Seems to be either null (integrated server) or an instance of either GuiMultiplayer (when connecting to a server) or GuiScreenReamlsTOS (when connecting to MCO server)
field_147309_h,doneLoadingTerrain,0,"True if the client has finished downloading terrain and may spawn. Set upon receipt of S08PacketPlayerPosLook, reset upon respawning"
field_147310_i,playerInfoMap,0,A mapping from player names to their respective GuiPlayerInfo (specifies the clients response time to the server)
field_147328_g,currentLoginState,2,
field_147332_c,logger,2,
field_147336_h,connectionTimer,2,How long has player been trying to login into the server.
field_147337_i,loginGameProfile,2,
field_147365_f,floatingTickCount,2,Used to keep track of how the player is floating while gamerules should prevent that. Surpassing 80 ticks means kick
field_147367_d,serverController,2,
field_147368_e,networkTickCount,2,
field_147369_b,playerEntity,2,
field_147370_c,logger,2,
field_147371_a,netManager,2,
field_147373_o,lastPosX,2,
field_147374_l,chatSpamThresholdCount,2,"Incremented by 20 each time a user sends a chat message, decreased by one every tick. Non-ops kicked when over 200"
field_147380_r,hasMoved,2,
field_147381_q,lastPosZ,2,
field_147382_p,lastPosY,2,
field_147396_a,logger,0,
field_147411_m,serverIcon,0,
field_147412_i,playerList,0,
field_147415_a,logger,0,
field_147417_b,logger,2,
field_147433_r,parabolicField,2,
field_147436_a,logger,0,
field_147481_N,processingLoadedTiles,2,
field_147482_g,loadedTileEntityList,2,A list of the loaded tile entities in the world
field_147483_b,tileEntitiesToBeRemoved,2,
field_147484_a,addedTileEntityList,2,
field_147489_T,blockEventCacheIndex,2,
field_147491_a,logger,2,
field_147503_f,textureChristmas,0,
field_147504_g,textureNormal,0,
field_147505_d,textureNormalDouble,0,
field_147506_e,textureTrapped,0,
field_147507_b,textureTrappedDouble,0,
field_147508_c,textureChristmasDouble,0,
field_147509_j,isChristams,0,
field_147510_h,simpleChest,0,
field_147511_i,largeChest,0,
field_147514_c,model,0,The ModelSign instance for use in this renderer
field_147523_b,beaconBeam,0,
field_147550_f,worldObj,0,
field_147552_d,staticPlayerZ,0,The player's current Z position (same as playerZ)
field_147553_e,renderEngine,0,
field_147554_b,staticPlayerX,0,The player's current X position (same as playerX)
field_147555_c,staticPlayerY,0,The player's current Y position (same as playerY)
field_147556_a,instance,0,
field_147559_m,mapSpecialRenderers,0,
field_147566_d,floatBuffer,0,"The same memory as byteBuffer, but referenced as an float buffer."
field_147567_e,shortBuffer,0,"The same memory as byteBuffer, but referenced as an short buffer."
field_147568_c,intBuffer,0,"The same memory as byteBuffer, but referenced as an integer buffer."
field_147569_p,rawBufferIndex,0,The index into the raw buffer to be used for the next data.
field_147577_f,hasNormals,0,
field_147578_g,hasColor,0,
field_147579_d,hasTexture,0,
field_147580_e,hasBrightness,0,
field_147581_b,rawBufferIndex,0,
field_147582_c,vertexCount,0,
field_147583_a,rawBuffer,0,
field_147592_B,renderBlocksRg,0,
field_147593_P,mapSoundPositions,0,"Currently playing sounds.  Type:  HashMap<ChunkCoordinates, ISound>"
field_147594_S,displayListEntities,0,
field_147595_R,displayListEntitiesDirty,0,
field_147596_f,prevRenderSortX,0,
field_147597_g,prevRenderSortY,0,
field_147598_a,tileEntities,0,
field_147599_m,logger,0,
field_147600_j,prevChunkSortY,0,
field_147601_k,prevChunkSortZ,0,
field_147602_h,prevRenderSortZ,0,
field_147603_i,prevChunkSortX,0,
field_147616_f,framebufferObject,0,
field_147617_g,framebufferTexture,0,
field_147618_d,framebufferHeight,0,
field_147619_e,useDepth,0,
field_147620_b,framebufferTextureHeight,0,
field_147621_c,framebufferWidth,0,
field_147622_a,framebufferTextureWidth,0,
field_147623_j,framebufferFilter,0,
field_147624_h,depthBuffer,0,
field_147625_i,framebufferColor,0,
field_147635_d,logger,0,
field_147636_j,mipmapLevels,0,
field_147637_k,anisotropicFiltering,0,
field_147638_c,logger,0,
field_147639_c,logger,0,
field_147643_d,threadDownloadCounter,0,
field_147644_c,logger,0,
field_147646_a,logger,0,
field_147648_b,logger,0,
field_147658_f,zPosF,0,
field_147659_g,repeat,0,
field_147660_d,xPosF,0,
field_147661_e,yPosF,0,
field_147662_b,volume,0,
field_147663_c,pitch,0,
field_147664_a,positionedSoundLocation,0,
field_147665_h,repeatDelay,0,The number of ticks between repeating the sound
field_147666_i,attenuationType,0,
field_147668_j,donePlaying,0,
field_147676_d,timeUntilNextMusic,0,
field_147677_b,mc,0,
field_147678_c,currentMusic,0,
field_147679_a,rand,0,
field_147694_f,sndManager,0,
field_147695_g,mcResourceManager,0,
field_147697_e,sndRegistry,0,
field_147698_b,logger,0,
field_147700_a,missing_sound,0,
field_147707_d,theShaderGroup,0,
field_147708_e,shaderCount,0,
field_147709_v,theMapItemRenderer,0,
field_147710_q,logger,0,
field_147711_ac,resourceManager,0,
field_147712_ad,shaderResourceLocations,0,
field_147713_ae,shaderIndex,0,
field_147719_a,instance,0,
field_147720_h,renderBlocksIr,0,
field_147810_D,aoLightValueScratchXYPN,0,Used as a scratch variable for ambient occlusion between the bottom face and the south face.
field_147811_E,aoLightValueScratchXYZPNP,0,Used as a scratch variable for ambient occlusion on the south/bottom/west corner.
field_147812_F,aoLightValueScratchXYZNPN,0,Used as a scratch variable for ambient occlusion on the north/top/east corner.
field_147813_G,aoLightValueScratchXYNP,0,Used as a scratch variable for ambient occlusion between the top face and the north face.
field_147814_A,aoLightValueScratchYZNN,0,Used as a scratch variable for ambient occlusion between the bottom face and the east face.
field_147815_B,aoLightValueScratchYZNP,0,Used as a scratch variable for ambient occlusion between the bottom face and the west face.
field_147816_C,aoLightValueScratchXYZPNN,0,Used as a scratch variable for ambient occlusion on the south/bottom/east corner.
field_147817_L,aoLightValueScratchYZPP,0,Used as a scratch variable for ambient occlusion between the top face and the west face.
field_147818_M,aoLightValueScratchXYZPPP,0,Used as a scratch variable for ambient occlusion on the south/top/west corner.
field_147819_N,aoLightValueScratchXZNN,0,Used as a scratch variable for ambient occlusion between the north face and the east face.
field_147820_O,aoLightValueScratchXZPN,0,Used as a scratch variable for ambient occlusion between the south face and the east face.
field_147821_H,aoLightValueScratchXYZNPP,0,Used as a scratch variable for ambient occlusion on the north/top/west corner.
field_147822_I,aoLightValueScratchYZPN,0,Used as a scratch variable for ambient occlusion between the top face and the east face.
field_147823_J,aoLightValueScratchXYZPPN,0,Used as a scratch variable for ambient occlusion on the south/top/east corner.
field_147824_K,aoLightValueScratchXYPP,0,Used as a scratch variable for ambient occlusion between the top face and the south face.
field_147825_U,aoBrightnessYZNN,0,Ambient occlusion brightness YZNN
field_147826_T,aoBrightnessXYZNNP,0,Ambient occlusion brightness XYZNNP
field_147827_W,aoBrightnessXYZPNN,0,Ambient occlusion brightness XYZPNN
field_147828_V,aoBrightnessYZNP,0,Ambient occlusion brightness YZNP
field_147829_Q,aoLightValueScratchXZPP,0,Used as a scratch variable for ambient occlusion between the south face and the west face.
field_147830_P,aoLightValueScratchXZNP,0,Used as a scratch variable for ambient occlusion between the north face and the west face.
field_147831_S,aoBrightnessXYNN,0,Ambient occlusion brightness XYNN
field_147832_R,aoBrightnessXYZNNN,0,Ambient occlusion brightness XYZNNN
field_147833_aA,colorBlueTopRight,0,Blue color value for the top right corner
field_147834_Y,aoBrightnessXYZPNP,0,Ambient occlusion brightness XYZPNP
field_147835_X,aoBrightnessXYPN,0,Ambient occlusion brightness XYPN
field_147836_Z,aoBrightnessXYZNPN,0,Ambient occlusion brightness XYZNPN
field_147837_f,renderAllFaces,0,"If true, renders all faces on all blocks rather than using the logic in Block.shouldSideBeRendered."
field_147838_g,renderFromInside,0,
field_147839_az,colorBlueBottomRight,0,Blue color value for the bottom right corner
field_147840_d,overrideBlockTexture,0,"If set to >=0, all block faces will be rendered using this texture index"
field_147841_ay,colorBlueBottomLeft,0,Blue color value for the bottom left corner
field_147842_e,flipTexture,0,Set to true if the texture should be flipped horizontally during render*Face
field_147843_b,fancyGrass,0,Fancy grass side matching biome
field_147844_c,useInventoryTint,0,
field_147845_a,blockAccess,0,The IBlockAccess used by this instance of RenderBlocks
field_147846_at,colorGreenTopLeft,0,Green color value for the top left corner
field_147847_n,lockBlockBounds,0,
field_147848_as,colorRedTopRight,0,Red color value for the top right corner
field_147849_o,partialRenderBounds,0,
field_147850_ar,colorRedBottomRight,0,Red color value for the bottom right corner
field_147851_l,renderMinZ,0,The minimum Z value for rendering (default 0.0).
field_147852_aq,colorRedBottomLeft,0,Red color value for the bottom left corner
field_147853_m,renderMaxZ,0,The maximum Z value for rendering (default 1.0).
field_147854_ax,colorBlueTopLeft,0,Blue color value for the top left corner
field_147855_j,renderMinY,0,The minimum Y value for rendering (default 0.0).
field_147856_aw,colorGreenTopRight,0,Green color value for the top right corner
field_147857_k,renderMaxY,0,The maximum Y value for rendering (default 1.0).
field_147858_av,colorGreenBottomRight,0,Green color value for the bottom right corner
field_147859_h,renderMinX,0,The minimum X value for rendering (default 0.0).
field_147860_au,colorGreenBottomLeft,0,Green color value for the bottom left corner
field_147861_i,renderMaxX,0,The maximum X value for rendering (default 1.0).
field_147862_ak,aoBrightnessXZPP,0,Ambient occlusion brightness XZPP
field_147863_w,enableAO,0,Whether ambient occlusion is enabled or not
field_147864_al,brightnessTopLeft,0,Brightness top left
field_147865_v,uvRotateBottom,0,
field_147866_ai,aoBrightnessXZPN,0,Ambient occlusion brightness XZPN
field_147867_u,uvRotateTop,0,
field_147868_aj,aoBrightnessXZNP,0,Ambient occlusion brightness XZNP
field_147869_t,uvRotateNorth,0,
field_147870_ao,brightnessTopRight,0,Brightness top right
field_147871_s,uvRotateSouth,0,
field_147872_ap,colorRedTopLeft,0,Red color value for the top left corner
field_147873_r,uvRotateWest,0,
field_147874_am,brightnessBottomLeft,0,Brightness bottom left
field_147875_q,uvRotateEast,0,
field_147876_an,brightnessBottomRight,0,Brightness bottom right
field_147877_p,minecraftRB,0,
field_147878_ac,aoBrightnessYZPN,0,Ambient occlusion brightness YZPN
field_147879_ad,aoBrightnessXYZPPN,0,Ambient occlusion brightness XYZPPN
field_147880_aa,aoBrightnessXYNP,0,Ambient occlusion brightness XYNP
field_147881_ab,aoBrightnessXYZNPP,0,Ambient occlusion brightness XYZNPP
field_147882_ag,aoBrightnessXYZPPP,0,Ambient occlusion brightness XYZPPP
field_147883_ah,aoBrightnessXZNN,0,Ambient occlusion brightness XZNN
field_147884_z,aoLightValueScratchXYZNNP,0,Used as a scratch variable for ambient occlusion on the north/bottom/west corner.
field_147885_ae,aoBrightnessXYPP,0,Ambient occlusion brightness XYPP
field_147886_y,aoLightValueScratchXYNN,0,Used as a scratch variable for ambient occlusion between the bottom face and the north face.
field_147887_af,aoBrightnessYZPP,0,Ambient occlusion brightness YZPP
field_147888_x,aoLightValueScratchXYZNNN,0,Used as a scratch variable for ambient occlusion on the north/bottom/east corner.
field_147893_C,tileEntities,0,
field_147894_y,vertexState,0,
field_147895_x,tileEntityRenderers,0,All the tile entities that have special rendering code for this chunk
field_147908_f,staticEntity,0,
field_147913_i,renderBlocksRi,0,
field_147923_a,logger,0,
field_147959_c,logger,0,
field_147966_k,useAnisotropicFiltering,0,
field_147967_a,logger,0,
field_147968_d,mipmapLevelHolder,0,
field_147971_a,mipmapLevelStitcher,0,
field_148001_b,defaultShaderUniform,0,
field_148002_c,staticShaderManager,0,
field_148003_a,logger,0,
field_148029_f,listFramebuffers,0,
field_148030_g,projectionMatrix,0,
field_148031_d,listShaders,0,
field_148032_e,mapFramebuffers,0,
field_148033_b,resourceManager,0,
field_148034_c,shaderGroupName,0,
field_148035_a,mainFramebuffer,0,
field_148038_h,mainFramebufferWidth,0,
field_148039_i,mainFramebufferHeight,0,
field_148046_f,listAuxWidths,0,
field_148047_g,listAuxHeights,0,
field_148048_d,listAuxFramebuffers,0,
field_148049_e,listAuxNames,0,
field_148050_b,framebufferOut,0,
field_148051_c,manager,0,
field_148052_a,framebufferIn,0,
field_148053_h,projectionMatrix,0,
field_148079_b,staticShaderLinkHelper,0,
field_148080_a,logger,0,
field_148104_a,logger,0,
field_148149_f,slotHeight,0,The height of a slot.
field_148150_g,mouseX,0,
field_148151_d,right,0,
field_148152_e,left,0,
field_148153_b,top,0,The top of the slot container. Affects the overlays and scrolling.
field_148154_c,bottom,0,The bottom of the slot container. Affects the overlays and scrolling.
field_148155_a,width,0,
field_148156_n,scrollDownButtonID,0,The buttonID of the button used to scroll down
field_148157_o,initialClickY,0,Where the mouse was in the window when you first clicked to scroll
field_148158_l,height,0,
field_148159_m,scrollUpButtonID,0,The buttonID of the button used to scroll up
field_148160_j,headerPadding,0,
field_148161_k,mc,0,
field_148162_h,mouseY,0,
field_148164_v,enabled,0,
field_148165_u,hasListHeader,0,
field_148166_t,showSelectionBox,0,Set to true if a selected element in this gui will show an outline box
field_148167_s,lastClicked,0,The time when this button was last clicked.
field_148168_r,selectedElement,0,The element in the list that was selected
field_148169_q,amountScrolled,0,How far down this slot has been scrolled
field_148170_p,scrollMultiplier,0,What to multiply the amount you moved your mouse by (used for slowing down scrolling when over the items and not on the scroll bar)
field_148188_n,maxListLabelWidth,0,
field_148189_l,mc,0,
field_148190_m,listEntries,0,
field_148196_n,lanScanEntry,0,
field_148200_k,owner,0,
field_148205_k,mc,0,
field_148216_n,statSorter,0,
field_148219_m,statsHolder,0,
field_148251_b,textureManager,0,
field_148252_c,loadedMaps,0,
field_148253_a,mapIcons,0,
field_148257_b,playerID,0,
field_148258_c,token,0,
field_148261_a,logger,0,
field_148270_M,valueStep,0,
field_148271_N,valueMin,0,
field_148272_O,valueMax,0,
field_148280_d,btnChangeKeyBinding,0,
field_148281_e,btnReset,0,
field_148285_b,labelText,0,
field_148286_c,labelWidth,0,
field_148304_a,logger,0,
field_148322_c,logger,0,
field_148326_f,logger,2,
field_148330_a,itemList,0,the list of items in this container
field_148336_b,rand,0,
field_148337_c,namePartsArray,0,
field_148338_a,instance,0,
field_148536_c,listMipmaps,0,
field_148546_d,logger,2,
field_148550_b,logger,0,
field_148575_b,replaceExisting,0,if true it will override all the sounds from the resourcepacks loaded before
field_148617_f,loaded,0,Set to true when the SoundManager has been initialised.
field_148618_g,playTime,0,A counter for how long the sound manager has been running
field_148619_d,options,0,Reference to the GameSettings object.
field_148620_e,sndSystem,0,A reference to the sound system.
field_148621_b,logger,0,
field_148622_c,sndHandler,0,A reference to the sound handler.
field_148623_a,LOG_MARKER,0,The marker used for logging
field_148624_n,playingSoundsStopTime,0,"The future time in which to stop this sound.  Type: HashMap<String, Integer>"
field_148625_l,tickableSounds,0,"A subset of playingSounds, this contains only ITickableSounds"
field_148626_m,delayedSounds,0,"Contains sounds to play in n ticks.  Type: HashMap<ISound, Integer>"
field_148627_j,playingSoundPoolEntries,0,"A HashMap<String, SoundPoolEntry> of the playing sounds."
field_148628_k,categorySounds,0,"Contains sounds mapped by category. Type: Multimap<SoundCategory, String>"
field_148629_h,playingSounds,0,"Identifiers of all currently playing sounds. Type: HashBiMap<String, ISound>"
field_148630_i,invPlayingSounds,0,"Inverse map of currently playing sounds, automatically mirroring changes in original map"
field_148643_j,maxDelay,0,
field_148646_i,minDelay,0,
field_148657_b,logger,0,
field_148731_f,eventVolume,0,
field_148733_e,eventPitch,0,
field_148734_b,rnd,0,
field_148736_a,soundPool,0,A composite (List) of ISoundEventAccessors
field_148743_a,logger,2,
field_148759_a,underlyingIntegerMap,2,The backing store that maps Integers to objects.
field_148823_f,framebufferSupported,0,
field_148824_g,shadersSupported,0,
field_148825_d,anisotropicFilteringSupported,0,
field_148826_e,anisotropicFilteringMax,0,
field_148827_a,openGL21,0,
field_148828_i,openGL14,0,
field_148841_a,logger,2,
field_148859_d,metadata,2,Used only for vanilla tile entities
field_148860_e,nbt,2,
field_148861_b,y,2,
field_148862_c,z,2,
field_148863_a,x,2,
field_148919_a,chatComponent,2,
field_148927_a,logger,2,
field_149094_d,z,2,
field_149095_b,x,2,
field_149096_c,y,2,
field_149097_a,playerID,2,
field_149191_a,mapId,2,
field_149246_f,serverWide,2,If true the sound is played across the server
field_149247_d,yPos,2,
field_149248_e,zPos,2,
field_149249_b,soundData,2,can be a block/item id or other depending on the soundtype
field_149250_c,xPos,2,
field_149251_a,soundType,2,
field_149334_b,foodLevel,2,
field_149335_c,saturationLevel,2,
field_149336_a,health,2,
field_149507_d,DiggedBlockFace,2,
field_149508_e,status,2,"Status of the digging (started, ongoing, broken)."
field_149509_b,diggedBlockY,2,
field_149510_c,diggedBlockZ,2,
field_149511_a,diggedBlockX,2,
field_149549_f,mode,2,Inventory operation mode
field_149550_d,actionNumber,2,"A unique number for the action, used for transaction handling"
field_149551_e,clickedItem,2,The item stack present in the slot
field_149552_b,slotId,2,Id of the clicked slot
field_149553_c,usedButton,2,Button used
field_149554_a,windowId,2,The id of the window which was clicked. 0 for player inventory.
field_149579_d,placedBlockDirection,2,
field_149581_b,placedBlockY,2,
field_149582_c,placedBlockZ,2,
field_149583_a,placedBlockX,2,
field_149597_d,requestedState,2,
field_149598_b,ip,2,
field_149599_c,port,2,
field_149600_a,protocolVersion,2,
field_149622_b,forwardSpeed,2,"Positive for forward, negative for backward"
field_149624_a,strafeSpeed,2,"Positive for left strafe, negative for right"
field_149754_D,minZ,2,
field_149755_E,maxX,2,
field_149756_F,maxY,2,
field_149757_G,maxZ,2,
field_149758_A,isBlockContainer,2,true if the Block contains a Tile Entity
field_149759_B,minX,2,
field_149760_C,minY,2,
field_149761_L,blockIcon,0,
field_149762_H,stepSound,2,Sound of stepping on the block
field_149763_I,blockParticleGravity,2,
field_149764_J,blockMaterial,2,
field_149765_K,slipperiness,2,Determines how much velocity is maintained while moving on top of this block
field_149766_f,soundTypeWood,2,the wood sound type
field_149767_g,soundTypeGravel,2,the gravel sound type
field_149768_d,textureName,2,
field_149769_e,soundTypeStone,2,
field_149770_b,unlocalizedName,2,
field_149771_c,blockRegistry,2,
field_149772_a,displayOnCreativeTab,2,
field_149773_n,soundTypeSnow,2,
field_149774_o,soundTypeLadder,2,
field_149775_l,soundTypeCloth,2,
field_149776_m,soundTypeSand,2,
field_149777_j,soundTypeMetal,2,
field_149778_k,soundTypeGlass,2,
field_149779_h,soundTypeGrass,2,
field_149780_i,soundTypePiston,2,
field_149781_w,blockResistance,2,
field_149782_v,blockHardness,2,Indicates how many hits it takes to break a block.
field_149783_u,useNeighborBrightness,2,Flag if block should use the brightest neighbor light value as its own
field_149784_t,lightValue,2,Amount of light emitted
field_149785_s,translucent,2,
field_149786_r,lightOpacity,2,How much light is subtracted for going through this block
field_149787_q,fullBlock,2,
field_149788_p,soundTypeAnvil,2,
field_149789_z,needsRandomTick,2,Flags whether or not this block is of a type that needs random ticking. Ref-counted by ExtendedBlockStorage in order to broadly cull a chunk from the random chunk update list for efficiency's sake.
field_149790_y,enableStats,2,
field_149791_x,blockConstructorCalled,2,
field_149823_b,iconWet,0,The texture to use for the top of wet (watered) farmland.
field_149824_a,iconDry,0,The texture to use for the top of dry farmland.
field_149832_M,fallInstantly,2,
field_149833_b,anvilRenderSide,0,
field_149834_a,anvilDamageNames,2,
field_149835_N,anvilIconNames,2,
field_149836_O,anvilIcons,0,
field_149837_b,sandIcon,0,
field_149839_N,redSandIcon,0,
field_149867_a,icons,0,
field_149891_b,sunflowerIcons,0,
field_149893_M,doublePlantBottomIcons,0,
field_149894_N,doublePlantTopIcons,0,
field_149914_a,isRepeaterPowered,2,Tells whether the repeater is powered or not
field_149921_b,hopperOutsideIcon,0,
field_149923_M,hopperTopIcon,0,
field_149924_N,hopperInsideIcon,0,
field_149932_b,isBurning,2,
field_149935_N,iconTop,0,
field_149936_O,iconFront,0,Front face of furnace either on or off
field_149943_a,dispenseBehaviorRegistry,2,Registry for all dispense behaviors.
field_149955_b,rand,2,
field_149956_a,chestType,2,"0 : Normal chest, 1 : Trapped chest"
field_149960_b,iconBrewingStandBase,0,
field_149961_a,rand,2,
field_149973_b,repeaterTorchOffset,2,The offsets for the two torches in redstone repeater blocks.
field_149974_M,repeaterState,2,The states in which the redstone repeater blocks can be.
field_149980_b,iconEnd,0,
field_149981_a,bedDirections,2,
field_149982_M,iconSide,0,
field_149983_N,iconTop,0,
field_149992_a,logger,2,
field_149995_b,name,2,
field_149996_a,ignoreSimilarity,2,
field_150004_a,isFullBlock,2,
field_150022_b,iconEndPortalFrameEye,0,
field_150023_a,iconEndPortalFrameTop,0,
field_150028_b,iconTop,0,
field_150029_a,iconInner,0,
field_150030_M,iconBottom,0,
field_150037_b,iconBottom,0,
field_150038_a,iconTop,0,
field_150039_M,iconInner,0,
field_150040_b,iconBottom,0,
field_150041_a,iconTop,0,
field_150047_a,wooden,2,
field_150053_a,isPowered,2,
field_150067_a,name,2,
field_150081_b,innerTopIcon,0,Only visible when piston is extended
field_150082_a,isSticky,2,This piston is the sticky one?
field_150083_M,bottomIcon,0,Bottom side texture
field_150084_N,topIcon,0,Top icon of piston depends on (either sticky or normal)
field_150180_P,redstoneLineOverlayIcon,0,
field_150181_a,canProvidePower,2,
field_150182_M,redstoneCrossIcon,0,
field_150183_N,redstoneLineIcon,0,
field_150184_O,redstoneCrossOverlayIcon,0,
field_150201_a,melonTopIcon,0,
field_150243_f,strikethrough,2,
field_150244_g,obfuscated,2,
field_150245_d,italic,2,
field_150246_e,underlined,2,
field_150247_b,color,2,
field_150248_c,bold,2,
field_150249_a,parentStyle,2,The parent of this ChatStyle.  Used for looking up values that this instance does not override.
field_150250_j,rootStyle,2,The base of the ChatStyle hierarchy.  All ChatStyle instances are implicitly children of this.
field_150251_h,chatClickEvent,2,
field_150252_i,chatHoverEvent,2,
field_150263_b,style,2,
field_150264_a,siblings,2,"The later siblings of this component.  If this component turns the text bold, that will apply to all the siblings until a later sibling turns the text something else."
field_150267_b,text,2,
field_150274_f,syncLock,2,
field_150275_g,lastTranslationUpdateTimeInMilliseconds,2,
field_150276_d,key,2,
field_150277_e,formatArgs,2,
field_150278_b,children,2,"The discrete elements that make up this component.  For example, this would be [""Prefix, "", ""FirstArg"", ""SecondArg"", "" again "", ""SecondArg"", "" and "", ""FirstArg"", "" lastly "", ""ThirdArg"", "" and also "", ""FirstArg"", "" again!""] for ""translation.test.complex"" (see en-US.lang)"
field_150279_c,stringVariablePattern,2,
field_150301_b,logger,2,
field_150317_a,logger,2,
field_150318_D,golden_rail,2,
field_150319_E,detector_rail,2,
field_150320_F,sticky_piston,2,
field_150321_G,web,2,
field_150322_A,sandstone,2,
field_150323_B,noteblock,2,
field_150324_C,bed,2,
field_150325_L,wool,2,
field_150326_M,piston_extension,2,
field_150327_N,yellow_flower,2,
field_150328_O,red_flower,2,
field_150329_H,tallgrass,2,
field_150330_I,deadbush,2,
field_150331_J,piston,2,
field_150332_K,piston_head,2,
field_150333_U,stone_slab,2,
field_150334_T,double_stone_slab,2,
field_150335_W,tnt,2,
field_150336_V,brick_block,2,
field_150337_Q,red_mushroom,2,
field_150338_P,brown_mushroom,2,
field_150339_S,iron_block,2,
field_150340_R,gold_block,2,
field_150341_Y,mossy_cobblestone,2,
field_150342_X,bookshelf,2,
field_150343_Z,obsidian,2,
field_150344_f,planks,2,
field_150345_g,sapling,2,
field_150346_d,dirt,2,
field_150347_e,cobblestone,2,
field_150348_b,stone,2,
field_150349_c,grass,2,
field_150350_a,air,2,
field_150351_n,gravel,2,
field_150352_o,gold_ore,2,
field_150353_l,lava,2,
field_150354_m,sand,2,
field_150355_j,water,2,
field_150356_k,flowing_lava,2,
field_150357_h,bedrock,2,
field_150358_i,flowing_water,2,
field_150359_w,glass,2,
field_150360_v,sponge,2,
field_150361_u,leaves2,2,
field_150362_t,leaves,2,
field_150363_s,log2,2,
field_150364_r,log,2,
field_150365_q,coal_ore,2,
field_150366_p,iron_ore,2,
field_150367_z,dispenser,2,
field_150368_y,lapis_block,2,
field_150369_x,lapis_ore,2,
field_150370_cb,quartz_stairs,2,
field_150371_ca,quartz_block,2,
field_150372_bz,sandstone_stairs,2,
field_150373_bw,double_wooden_slab,2,
field_150374_bv,lit_redstone_lamp,2,
field_150375_by,cocoa,2,
field_150376_bx,wooden_slab,2,
field_150377_bs,end_stone,2,
field_150378_br,end_portal_frame,2,
field_150379_bu,redstone_lamp,2,
field_150380_bt,dragon_egg,2,
field_150381_bn,enchanting_table,2,
field_150382_bo,brewing_stand,2,
field_150383_bp,cauldron,2,
field_150384_bq,end_portal,2,
field_150385_bj,nether_brick,2,
field_150386_bk,nether_brick_fence,2,
field_150387_bl,nether_brick_stairs,2,
field_150388_bm,nether_wart,2,
field_150389_bf,brick_stairs,2,
field_150390_bg,stone_brick_stairs,2,
field_150391_bh,mycelium,2,
field_150392_bi,waterlily,2,
field_150393_bb,pumpkin_stem,2,
field_150394_bc,melon_stem,2,
field_150395_bd,vine,2,
field_150396_be,fence_gate,2,
field_150397_co,stained_glass_pane,2,
field_150398_cm,double_plant,2,
field_150399_cn,stained_glass,2,
field_150400_ck,acacia_stairs,2,
field_150401_cl,dark_oak_stairs,2,
field_150402_ci,coal_block,2,
field_150403_cj,packed_ice,2,
field_150404_cg,carpet,2,
field_150405_ch,hardened_clay,2,
field_150406_ce,stained_hardened_clay,2,
field_150407_cf,hay_block,2,
field_150408_cc,activator_rail,2,
field_150409_cd,dropper,2,
field_150410_aZ,glass_pane,2,
field_150411_aY,iron_bars,2,
field_150412_bA,emerald_ore,2,
field_150413_aR,unpowered_repeater,2,
field_150414_aQ,cake,2,
field_150415_aT,trapdoor,2,
field_150416_aS,powered_repeater,2,
field_150417_aV,stonebrick,2,
field_150418_aU,monster_egg,2,
field_150419_aX,red_mushroom_block,2,
field_150420_aW,brown_mushroom_block,2,
field_150421_aI,jukebox,2,
field_150422_aJ,fence,2,
field_150423_aK,pumpkin,2,
field_150424_aL,netherrack,2,
field_150425_aM,soul_sand,2,
field_150426_aN,glowstone,2,
field_150427_aO,portal,2,
field_150428_aP,lit_pumpkin,2,
field_150429_aA,redstone_torch,2,
field_150430_aB,stone_button,2,
field_150431_aC,snow_layer,2,
field_150432_aD,ice,2,
field_150433_aE,snow,2,
field_150434_aF,cactus,2,
field_150435_aG,clay,2,
field_150436_aH,reeds,2,
field_150437_az,unlit_redstone_torch,2,
field_150438_bZ,hopper,2,
field_150439_ay,lit_redstone_ore,2,
field_150440_ba,melon_block,2,
field_150441_bU,unpowered_comparator,2,
field_150442_at,lever,2,
field_150443_bT,heavy_weighted_pressure_plate,2,
field_150444_as,wall_sign,2,
field_150445_bS,light_weighted_pressure_plate,2,
field_150446_ar,stone_stairs,2,
field_150447_bR,trapped_chest,2,
field_150448_aq,rail,2,
field_150449_bY,quartz_ore,2,
field_150450_ax,redstone_ore,2,
field_150451_bX,redstone_block,2,
field_150452_aw,wooden_pressure_plate,2,
field_150453_bW,daylight_detector,2,
field_150454_av,iron_door,2,
field_150455_bV,powered_comparator,2,
field_150456_au,stone_pressure_plate,2,
field_150457_bL,flower_pot,2,
field_150458_ak,farmland,2,
field_150459_bM,carrots,2,
field_150460_al,furnace,2,
field_150461_bJ,beacon,2,
field_150462_ai,crafting_table,2,
field_150463_bK,cobblestone_wall,2,
field_150464_aj,wheat,2,
field_150465_bP,skull,2,
field_150466_ao,wooden_door,2,
field_150467_bQ,anvil,2,
field_150468_ap,ladder,2,
field_150469_bN,potatoes,2,
field_150470_am,lit_furnace,2,
field_150471_bO,wooden_button,2,
field_150472_an,standing_sign,2,
field_150473_bD,tripwire,2,
field_150474_ac,mob_spawner,2,
field_150475_bE,emerald_block,2,
field_150476_ad,oak_stairs,2,
field_150477_bB,ender_chest,2,
field_150478_aa,torch,2,
field_150479_bC,tripwire_hook,2,
field_150480_ab,fire,2,
field_150481_bH,jungle_stairs,2,
field_150482_ag,diamond_ore,2,
field_150483_bI,command_block,2,
field_150484_ah,diamond_block,2,
field_150485_bF,spruce_stairs,2,
field_150486_ae,chest,2,
field_150487_bG,birch_stairs,2,
field_150488_af,redstone_wire,2,
field_150499_b,volume,2,
field_150500_c,frequency,2,
field_150501_a,soundName,2,
field_150511_e,lastUpdateTimeInMilliseconds,2,"The time, in milliseconds since epoch, that this instance was last updated"
field_150514_p,yellowFlowerGen,2,
field_150574_L,jungleEdge,2,
field_150575_M,deepOcean,2,
field_150576_N,stoneBeach,2,
field_150577_O,coldBeach,2,
field_150578_U,megaTaiga,2,
field_150579_T,coldTaigaHills,2,
field_150580_W,extremeHillsPlus,2,
field_150581_V,megaTaigaHills,2,
field_150582_Q,birchForestHills,2,
field_150583_P,birchForest,2,
field_150584_S,coldTaiga,2,
field_150585_R,roofedForest,2,
field_150586_aC,logger,2,
field_150587_Y,savannaPlateau,2,
field_150588_X,savanna,2,
field_150589_Z,mesa,2,
field_150590_f,height_MidPlains,2,
field_150591_g,height_LowHills,2,
field_150592_d,height_DeepOceans,2,
field_150593_e,height_LowPlains,2,
field_150594_b,height_ShallowWaters,2,
field_150595_c,height_Oceans,2,
field_150596_a,height_Default,2,
field_150597_n,explorationBiomesList,2,
field_150598_l,height_LowIslands,2,
field_150599_m,height_PartiallySubmerged,2,
field_150600_j,height_Shores,2,
field_150601_k,height_RockyWaters,2,
field_150602_h,height_HighPlateaus,2,
field_150603_i,height_MidHills,2,
field_150604_aj,topBlockMetadata,2,
field_150605_ac,temperatureNoise,2,
field_150606_ad,plantNoise,2,
field_150607_aa,mesaPlateau_F,2,
field_150608_ab,mesaPlateau,2,
field_150610_ae,genTallFlowers,2,
field_150611_aD,baseBiome,2,
field_150670_b,value,2,
field_150671_a,action,2,
field_150676_f,allowedInChat,2,
field_150677_g,canonicalName,2,The canonical name used to refer to this action.
field_150679_e,nameMapping,2,
field_150688_f,canonicalName,2,
field_150690_d,nameMapping,2,
field_150691_e,allowedInChat,2,
field_150703_b,value,2,
field_150704_a,action,2,
field_150710_d,enchantable,2,
field_150711_b,returnStack,2,
field_150712_c,maxDamagePercent,2,
field_150734_f,eventLoops,2,
field_150735_g,logger,2,
field_150736_d,attrKeyReceivable,2,
field_150737_e,attrKeySendable,2,
field_150738_b,logMarkerPackets,2,
field_150739_c,attrKeyConnectionState,2,
field_150740_a,logMarkerNetwork,2,
field_150741_n,connectionState,2,"The current connection state, being one of: HANDSHAKING, PLAY, STATUS, LOGIN"
field_150742_o,terminationReason,2,A String indicating why the network has shutdown.
field_150743_l,socketAddress,2,The address of the remote party
field_150744_m,packetListener,2,The INetHandler instance responsible for processing received packets
field_150745_j,outboundPacketsQueue,2,The queue for packets that require transmission
field_150746_k,channel,2,The active channel
field_150747_h,isClientSide,2,Whether this NetworkManager deals with the client or server side of the connection
field_150748_i,receivedPacketsQueue,2,"The queue for received, unprioritized packets that will be processed at the earliest opportunity"
field_150776_b,variation,2,
field_150777_a,rootHeight,2,
field_150794_a,buf,2,
field_150798_a,logger,2,
field_150800_a,logger,2,
field_150814_l,isLightPopulated,2,
field_150816_i,chunkTileEntityMap,2,A Map of ChunkPositions to TileEntities in this chunk
field_150817_t,logger,2,
field_150828_b,fallbackTranslator,2,A StringTranslate instance using the hardcoded default locale (en_US).  Used as a fallback in case the shared StringTranslate singleton instance fails to translate a key.
field_150889_b,logger,2,
field_150901_e,itemRegistry,2,
field_150907_b,cooked,2,"Indicates whether this fish is ""cooked"" or not."
field_150914_c,effectiveBlocksTool,2,
field_150915_c,effectiveBlocks,2,
field_150920_d,dyeIconArray,0,"Contains all dye icons, parsed from ItemDye.dyeIcons"
field_150921_b,dyeIcons,2,
field_150922_c,dyeColors,2,
field_150923_a,dyeColorNames,2,
field_150929_a,recordName,2,The name of the record.
field_150933_b,repairMaterial,2,
field_150939_a,blockInstance,2,
field_150961_L,exploreAllBiomes,2,Is the 'Adventuring Time' achievement
field_150962_H,breedCow,2,Is the 'Repopulation' achievement
field_150963_I,spawnWither,2,Is the 'The Beginning?' achievement
field_150964_J,killWither,2,Is the 'The Beginning.' achievement
field_150965_K,fullBeacon,2,Is the 'Beaconator' achievement
field_150980_f,itemDamage,2,The item damage value on an ItemStack that represents this fish type
field_150981_g,unlocalizedNamePart,2,"The value that this fish type uses to replace ""XYZ"" in: ""fish.XYZ.raw"" / ""fish.XYZ.cooked"" for the unlocalized name and ""fish_XYZ_raw"" / ""fish_XYZ_cooked"" for the icon string."
field_150983_e,itemDamageToFishTypeMap,2,Maps an item damage value for an ItemStack to the corresponding FishType value.
field_150987_n,cookable,2,"Indicates whether this type of fish has ""raw"" and ""cooked"" variants"
field_150989_l,cookedHealAmount,2,The amount that eating the cooked version of this fish should heal the player.
field_150990_m,cookedSaturationModifier,2,The saturation modifier to apply to the heal amount when the player eats the cooked version of this fish.
field_150991_j,uncookedHealAmount,2,The amount that eating the uncooked version of this fish should heal the player.
field_150992_k,uncookedSaturationModifier,2,The saturation modifier to apply to the heal amount when the player eats the uncooked version of this fish.
field_150993_h,uncookedIcon,0,The icon for the uncooked version of this fish.
field_150994_i,cookedIcon,0,The icon for the cooked version of this fish.
field_151002_e,theItem,2,
field_151004_a,underlyingSet,2,The set for this ForwardingSet to forward methods to.
field_151005_D,golden_pickaxe,2,
field_151006_E,golden_axe,2,
field_151007_F,string,2,
field_151008_G,feather,2,
field_151009_A,mushroom_stew,2,
field_151010_B,golden_sword,2,
field_151011_C,golden_shovel,2,
field_151012_L,diamond_hoe,2,
field_151013_M,golden_hoe,2,
field_151014_N,wheat_seeds,2,
field_151015_O,wheat,2,
field_151016_H,gunpowder,2,
field_151017_I,wooden_hoe,2,
field_151018_J,stone_hoe,2,
field_151019_K,iron_hoe,2,
field_151020_U,chainmail_helmet,2,
field_151021_T,leather_boots,2,
field_151022_W,chainmail_leggings,2,
field_151023_V,chainmail_chestplate,2,
field_151024_Q,leather_helmet,2,
field_151025_P,bread,2,
field_151026_S,leather_leggings,2,
field_151027_R,leather_chestplate,2,
field_151028_Y,iron_helmet,2,
field_151029_X,chainmail_boots,2,
field_151030_Z,iron_chestplate,2,
field_151031_f,bow,2,
field_151032_g,arrow,2,
field_151033_d,flint_and_steel,2,
field_151034_e,apple,2,
field_151035_b,iron_pickaxe,2,
field_151036_c,iron_axe,2,
field_151037_a,iron_shovel,2,
field_151038_n,wooden_shovel,2,
field_151039_o,wooden_pickaxe,2,
field_151040_l,iron_sword,2,
field_151041_m,wooden_sword,2,
field_151042_j,iron_ingot,2,
field_151043_k,gold_ingot,2,
field_151044_h,coal,2,
field_151045_i,diamond,2,
field_151046_w,diamond_pickaxe,2,
field_151047_v,diamond_shovel,2,
field_151048_u,diamond_sword,2,
field_151049_t,stone_axe,2,
field_151050_s,stone_pickaxe,2,
field_151051_r,stone_shovel,2,
field_151052_q,stone_sword,2,
field_151053_p,wooden_axe,2,
field_151054_z,bowl,2,
field_151055_y,stick,2,
field_151056_x,diamond_axe,2,
field_151057_cb,name_tag,2,
field_151058_ca,lead,2,
field_151059_bz,fire_charge,2,
field_151060_bw,speckled_melon,2,
field_151061_bv,ender_eye,2,
field_151062_by,experience_bottle,2,
field_151063_bx,spawn_egg,2,
field_151064_bs,magma_cream,2,
field_151065_br,blaze_powder,2,
field_151066_bu,cauldron,2,
field_151067_bt,brewing_stand,2,
field_151068_bn,potionitem,2,
field_151069_bo,glass_bottle,2,
field_151070_bp,spider_eye,2,
field_151071_bq,fermented_spider_eye,2,
field_151072_bj,blaze_rod,2,
field_151073_bk,ghast_tear,2,
field_151074_bl,gold_nugget,2,
field_151075_bm,nether_wart,2,
field_151076_bf,chicken,2,
field_151077_bg,cooked_chicken,2,
field_151078_bh,rotten_flesh,2,
field_151079_bi,ender_pearl,2,
field_151080_bb,pumpkin_seeds,2,
field_151081_bc,melon_seeds,2,
field_151082_bd,beef,2,
field_151083_be,cooked_beef,2,
field_151084_co,record_wait,2,
field_151085_cm,record_ward,2,
field_151086_cn,record_11,2,
field_151087_ck,record_stal,2,
field_151088_cl,record_strad,2,
field_151089_ci,record_mall,2,
field_151090_cj,record_mellohi,2,
field_151091_cg,record_chirp,2,
field_151092_ch,record_far,2,
field_151093_ce,record_cat,2,
field_151094_cf,record_blocks,2,
field_151095_cc,command_block_minecart,2,
field_151096_cd,record_13,2,
field_151097_aZ,shears,2,
field_151098_aY,filled_map,2,
field_151099_bA,writable_book,2,
field_151100_aR,dye,2,
field_151101_aQ,cooked_fish,2,
field_151102_aT,sugar,2,
field_151103_aS,bone,2,
field_151104_aV,bed,2,
field_151105_aU,cake,2,
field_151106_aX,cookie,2,
field_151107_aW,repeater,2,
field_151108_aI,chest_minecart,2,
field_151109_aJ,furnace_minecart,2,
field_151110_aK,egg,2,
field_151111_aL,compass,2,
field_151112_aM,fishing_rod,2,
field_151113_aN,clock,2,
field_151114_aO,glowstone_dust,2,
field_151115_aP,fish,2,
field_151116_aA,leather,2,
field_151117_aB,milk_bucket,2,
field_151118_aC,brick,2,
field_151119_aD,clay_ball,2,
field_151120_aE,reeds,2,
field_151121_aF,paper,2,
field_151122_aG,book,2,
field_151123_aH,slime_ball,2,
field_151124_az,boat,2,
field_151125_bZ,diamond_horse_armor,2,
field_151126_ay,snowball,2,
field_151127_ba,melon,2,
field_151128_bU,quartz,2,
field_151129_at,lava_bucket,2,
field_151130_bT,netherbrick,2,
field_151131_as,water_bucket,2,
field_151132_bS,comparator,2,
field_151133_ar,bucket,2,
field_151134_bR,enchanted_book,2,
field_151135_aq,wooden_door,2,
field_151136_bY,golden_horse_armor,2,
field_151137_ax,redstone,2,
field_151138_bX,iron_horse_armor,2,
field_151139_aw,iron_door,2,
field_151140_bW,hopper_minecart,2,
field_151141_av,saddle,2,
field_151142_bV,tnt_minecart,2,
field_151143_au,minecart,2,
field_151144_bL,skull,2,
field_151145_ak,flint,2,
field_151146_bM,carrot_on_a_stick,2,
field_151147_al,porkchop,2,
field_151148_bJ,map,2,
field_151149_ai,golden_leggings,2,
field_151150_bK,golden_carrot,2,
field_151151_aj,golden_boots,2,
field_151152_bP,fireworks,2,
field_151153_ao,golden_apple,2,
field_151154_bQ,firework_charge,2,
field_151155_ap,sign,2,
field_151156_bN,nether_star,2,
field_151157_am,cooked_porkchop,2,
field_151158_bO,pumpkin_pie,2,
field_151159_an,painting,2,
field_151160_bD,item_frame,2,
field_151161_ac,diamond_helmet,2,
field_151162_bE,flower_pot,2,
field_151163_ad,diamond_chestplate,2,
field_151164_bB,written_book,2,
field_151165_aa,iron_leggings,2,
field_151166_bC,emerald,2,
field_151167_ab,iron_boots,2,
field_151168_bH,baked_potato,2,
field_151169_ag,golden_helmet,2,
field_151170_bI,poisonous_potato,2,
field_151171_ah,golden_chestplate,2,
field_151172_bF,carrot,2,
field_151173_ae,diamond_leggings,2,
field_151174_bG,potato,2,
field_151175_af,diamond_boots,2,
field_151186_x,animalsBredStat,2,the number of animals you have bred
field_151191_b,jsonSerializableValue,2,
field_151192_a,integerValue,2,
field_151227_b,logger,2,
field_151228_a,downloadThreadsStarted,2,The number of download threads that we have started so far.
field_151234_b,logger,2,
field_151242_b,multiplyDeBruijnBitPosition,2,"Though it looks like an array, this is really more like a mapping.  Key (index of this array) is the upper 5 bits of the result of multiplying a 32-bit unsigned integer by the B(2, 5) De Bruijn sequence 0x077CB531.  Value (value stored in the array) is the unique index (from the right) of the leftmost one-bit in a 32-bit unsigned integer that can cause the upper 5 bits to get that value.  Used for highly optimized ""find the log-base-2 of this number"" calculations."
field_151245_t,iconItemStack,0,
field_151249_a,logger,2,
field_151254_d,locationOfBlockChange,2,
field_151258_a,logger,2,
field_151262_p,logger,2,
field_151272_f,networkManagers,2,A list containing all NetworkManager instances of all endpoints
field_151273_d,mcServer,2,Reference to the MinecraftServer object.
field_151274_e,endpoints,2,Contains all endpoints added to this NetworkSystem
field_151275_b,logger,2,
field_151276_c,eventLoops,2,
field_151277_a,isAlive,2,True if this NetworkSystem has never had his endpoints terminated
field_151324_b,playerCount,2,
field_151326_a,serverMotd,2,
field_151327_b,chunkPosY,2,
field_151328_c,chunkPosZ,2,
field_151329_a,chunkPosX,2,
field_151343_f,eventParameter,2,
field_151345_e,eventID,2,Different for each blockID
field_151346_b,coordY,2,
field_151347_c,coordZ,2,
field_151348_a,coordX,2,
field_151355_a,alreadyRegistered,2,"Whether the blocks, items, etc have already been registered"
field_151360_e,AMPLIFIED,2,amplified world type
field_151361_l,hasNotificationData,2,
field_151369_A,lure,2,
field_151370_z,luckOfTheSea,2,
field_151430_f,resourceKey,2,
field_151433_e,chatVisibility,2,
field_151441_H,showInventoryAchievementHint,0,
field_151442_I,mipmapLevels,0,
field_151443_J,anisotropicFiltering,0,
field_151444_V,keyBindSprint,0,
field_151445_Q,keyBindInventory,0,
field_151446_aD,mapSoundLevels,0,
field_151447_Z,keyBindScreenshot,0,
field_151448_g,fboEnable,0,
field_151449_az,typeListString,0,
field_151450_ay,gson,0,
field_151451_c,renderDistanceChunks,0,
field_151452_as,saturation,0,
field_151453_l,resourcePacks,0,
field_151454_ax,logger,0,
field_151455_aw,forceUnicodeFont,0,
field_151456_ac,keyBindsHotbar,0,
field_151457_aa,keyBindTogglePerspective,0,
field_151458_ab,keyBindSmoothCamera,0,
field_151471_f,keyCategory,0,
field_151472_e,keyCodeDefault,0,
field_151473_c,keybindSet,0,
field_151474_i,pressTime,0,
field_151476_f,logger,2,
field_151477_a,optionIds,0,
field_151478_a,logger,2,
field_151479_b,logger,2,
field_151480_b,logger,2,
field_151481_a,logger,2,
field_151500_b,grassEaterEntity,2,The entity owner of this AITask
field_151501_c,entityWorld,2,The world the grass eater entity is eating from
field_151502_a,eatingGrassTimer,2,Number of ticks since the entity started to eat grass
field_151504_e,doorBlock,2,The wooden door block
field_151505_a,logger,2,
field_151506_a,logger,2,
field_151516_b,logger,2,
field_151520_r,damageIsAbsolute,2,Whether or not the damage ignores modification by potion effects or enchantments.
field_151527_f,difficultyId,2,
field_151528_g,difficultyResourceKey,2,
field_151530_e,difficultyEnums,2,
field_151566_D,dragonEgg,2,
field_151567_E,portal,2,
field_151568_F,cake,2,
field_151569_G,web,2,
field_151570_A,cactus,2,
field_151571_B,clay,2,
field_151572_C,gourd,2,
field_151573_f,iron,2,
field_151574_g,anvil,2,
field_151575_d,wood,2,
field_151576_e,rock,2,
field_151577_b,grass,2,
field_151578_c,ground,2,
field_151579_a,air,2,
field_151580_n,cloth,2,
field_151581_o,fire,2,
field_151582_l,vine,2,
field_151583_m,sponge,2,
field_151584_j,leaves,2,
field_151585_k,plants,2,
field_151586_h,water,2,
field_151587_i,lava,2,
field_151588_w,ice,2,
field_151589_v,coral,2,
field_151590_u,tnt,2,
field_151591_t,redstoneLight,2,
field_151592_s,glass,2,
field_151593_r,carpet,2,
field_151594_q,circuits,2,
field_151595_p,sand,2,
field_151596_z,craftedSnow,2,The material for crafted snow.
field_151597_y,snow,2,
field_151598_x,packedIce,2,
field_151629_c,logger,2,
field_151645_D,redColor,2,
field_151646_E,blackColor,2,
field_151647_F,goldColor,2,
field_151648_G,diamondColor,2,
field_151649_A,blueColor,2,
field_151650_B,brownColor,2,
field_151651_C,greenColor,2,
field_151652_H,lapisColor,2,
field_151653_I,emeraldColor,2,
field_151654_J,obsidianColor,2,
field_151655_K,netherrackColor,2,
field_151656_f,tntColor,2,
field_151657_g,iceColor,2,
field_151658_d,sandColor,2,
field_151659_e,clothColor,2,
field_151660_b,airColor,2,
field_151661_c,grassColor,2,
field_151662_n,waterColor,2,
field_151663_o,woodColor,2,
field_151664_l,dirtColor,2,
field_151665_m,stoneColor,2,
field_151666_j,snowColor,2,
field_151667_k,clayColor,2,
field_151668_h,ironColor,2,
field_151669_i,foliageColor,2,
field_151670_w,grayColor,2,
field_151671_v,pinkColor,2,
field_151672_u,limeColor,2,
field_151673_t,yellowColor,2,
field_151674_s,lightBlueColor,2,
field_151675_r,magentaColor,2,
field_151676_q,adobeColor,2,
field_151677_p,quartzColor,2,
field_151678_z,purpleColor,2,
field_151679_y,cyanColor,2,
field_151680_x,silverColor,2,
field_151687_a,logger,2,
field_152127_m,streamIndicator,0,
field_152175_f,supportedProtocols,0,
field_152176_i,serverResourcePacks,0,
field_152177_g,time,0,
field_152350_aA,skinManager,0,
field_152351_aB,scheduledTasks,0,
field_152352_aC,mcThread,0,
field_152353_at,stream,0,
field_152354_ay,mojangLogo,0,
field_152355_az,sessionService,0,
field_152356_J,twitchDetails,0,
field_152364_T,authService,2,
field_152365_W,profileRepo,2,
field_152366_X,profileCache,2,
field_152367_a,USER_CACHE_FILE,2,
field_152391_aS,STREAM_COMPRESSIONS,0,
field_152392_aT,STREAM_CHAT_MODES,0,
field_152393_aU,STREAM_CHAT_FILTER_MODES,0,
field_152394_aV,STREAM_MIC_MODES,0,
field_152395_am,keyBindFullscreen,0,
field_152396_an,keyBindStreamStartStop,0,
field_152397_ao,keyBindStreamPauseUnpause,0,
field_152398_ap,keyBindStreamCommercials,0,
field_152399_aq,keyBindStreamToggleMic,0,
field_152400_J,streamBytesPerPixel,0,
field_152401_K,streamMicVolume,0,
field_152402_L,streamGameVolume,0,
field_152403_M,streamKbps,0,
field_152404_N,streamFps,0,
field_152405_O,streamCompression,0,
field_152406_P,streamSendMetadata,0,
field_152407_Q,streamPreferredServer,0,
field_152408_R,streamChatEnabled,0,
field_152409_S,streamChatUserFilter,0,
field_152410_T,streamMicToggleBehavior,0,
field_152426_d,sessionType,0,
field_152429_d,sessionType,0,
field_152441_a,locationStreamIndicator,0,
field_152442_b,mc,0,
field_152451_a,INFINITE,2,
field_152452_b,spaceAllocated,2,
field_152453_c,spaceRead,2,
field_152461_c,logMarkerStat,2,
field_152463_r,isEncrypted,2,
field_152587_j,resourceMode,0,
field_152588_l,lanServer,0,
field_152594_d,motd,0,
field_152630_a,SKIN_PART_TYPES,0,
field_152642_a,value,2,
field_152659_a,dateFormat,2,
field_152660_b,gson,2,
field_152665_g,usercacheFile,2,
field_152693_a,logger,2,
field_152694_b,gson,2,
field_152695_c,saveFile,2,
field_152696_d,values,2,
field_152697_e,lanServer,2,
field_152698_f,saveFileFormat,2,
field_152793_a,DEFAULT_SKIN,0,
field_152794_b,THREAD_POOL,0,
field_152795_c,textureManager,0,
field_152796_d,skinCacheDir,0,
field_152797_e,sessionService,0,
field_152798_f,skinCacheLoader,0,
field_152861_B,logger,0,
field_152879_o,broadcastState,0,
field_152886_v,channelInfo,0,
field_152951_c,broadcastController,0,
field_153018_p,LOGGER,0,
field_154349_a,LOG,1,
field_154351_c,acceptedEULA,1,
field_155771_h,logger,1,
field_164249_a,serverGuiFont,1,
field_70009_b,buffer,2,RCon string buffer for log.
field_70010_a,instance,2,Single instance of RConConsoleSource
field_70116_cv,serverPosZ,0,
field_70117_cu,serverPosY,0,
field_70118_ct,serverPosX,0,
field_70121_D,boundingBox,2,Axis aligned bounding box.
field_70122_E,onGround,2,
field_70123_F,isCollidedHorizontally,2,True if after a move this entity has collided with something on X- or Z-axis
field_70124_G,isCollidedVertically,2,True if after a move this entity has collided with something on Y-axis
field_70125_A,rotationPitch,2,Entity rotation Pitch
field_70126_B,prevRotationYaw,2,
field_70127_C,prevRotationPitch,2,
field_70128_L,isDead,2,"gets set by setEntityDead, so this must be the flag whether an Entity is dead (inactive may be better term)"
field_70129_M,yOffset,2,
field_70130_N,width,2,How wide this entity is considered to be
field_70131_O,height,2,How high this entity is considered to be
field_70132_H,isCollided,2,True if after a move this entity has collided with something either vertically or horizontally
field_70133_I,velocityChanged,2,
field_70134_J,isInWeb,2,
field_70136_U,lastTickPosZ,2,"The entity's Z coordinate at the previous tick, used to calculate position during rendering routines"
field_70137_T,lastTickPosY,2,"The entity's Y coordinate at the previous tick, used to calculate position during rendering routines"
field_70138_W,stepHeight,2,How high this entity can step up when running into a block to try to get over it (currently make note the entity will always step up this amount and not just the amount needed)
field_70139_V,yOffset2,2,Appears to be a secondary offset along the y-axis
field_70140_Q,distanceWalkedModified,2,The distance walked multiplied by 0.6
field_70141_P,prevDistanceWalkedModified,2,The previous ticks distance walked multiplied by 0.6
field_70142_S,lastTickPosX,2,"The entity's X coordinate at the previous tick, used to calculate position during rendering routines"
field_70143_R,fallDistance,2,
field_70144_Y,entityCollisionReduction,2,Reduces the velocity applied by entity collisions by the specified percent.
field_70145_X,noClip,2,Whether this entity won't clip with collision or not (make note it won't disable gravity)
field_70146_Z,rand,2,
field_70147_f,entityRiderYawDelta,2,
field_70148_d,firstUpdate,2,
field_70149_e,entityRiderPitchDelta,2,
field_70150_b,nextStepDistance,2,The distance that has to be exceeded in order to triger a new step sound and an onEntityWalking event on a block
field_70151_c,fire,2,
field_70152_a,nextEntityID,2,
field_70153_n,riddenByEntity,2,The entity that is riding this entity
field_70154_o,ridingEntity,2,The entity we are currently riding
field_70155_l,renderDistanceWeight,2,
field_70156_m,preventEntitySpawning,2,Blocks entities from spawning when they do their AABB check to make sure the spot is clear of entities that can prevent spawning.
field_70158_ak,ignoreFrustumCheck,2,Render entity even if it is outside the camera frustum. Only true in EntityFish for now. Used in RenderGlobal: render if ignoreFrustumCheck or in frustum.
field_70159_w,motionX,2,Entity motion X
field_70160_al,isAirBorne,2,
field_70161_v,posZ,2,Entity position Z
field_70162_ai,chunkCoordY,2,
field_70163_u,posY,2,Entity position Y
field_70164_aj,chunkCoordZ,2,
field_70165_t,posX,2,Entity position X
field_70166_s,prevPosZ,2,
field_70167_r,prevPosY,2,
field_70168_am,myEntitySize,2,
field_70169_q,prevPosX,2,
field_70170_p,worldObj,2,Reference to the World object.
field_70171_ac,inWater,2,Whether this entity is currently inside of water (if it handles water movement that is)
field_70172_ad,hurtResistantTime,2,"Remaining time an entity will be ""immune"" to further damage after being hurt."
field_70173_aa,ticksExisted,2,How many ticks has this entity had ran since being alive
field_70174_ab,fireResistance,2,The amount of ticks you have to stand inside of fire before be set on fire
field_70175_ag,addedToChunk,2,Has this entity been added to the chunk its within
field_70176_ah,chunkCoordX,2,
field_70177_z,rotationYaw,2,Entity rotation Yaw
field_70178_ae,isImmuneToFire,2,
field_70179_y,motionZ,2,Entity motion Z
field_70180_af,dataWatcher,2,
field_70181_x,motionY,2,Entity motion Y
field_70191_b,throwableShake,2,
field_70192_c,thrower,2,The entity that threw this throwable item.
field_70193_a,inGround,2,
field_70194_h,ticksInGround,2,
field_70195_i,ticksInAir,2,
field_70197_d,potionDamage,2,The damage value of the thrown potion that this EntityPotion represents.
field_70221_f,shatterOrDrop,2,
field_70222_d,targetZ,2,'z' location the eye should float towards.
field_70223_e,despawnTimer,2,
field_70224_b,targetX,2,'x' location the eye should float towards.
field_70225_c,targetY,2,'y' location the eye should float towards.
field_70230_d,accelerationZ,2,
field_70232_b,accelerationX,2,
field_70233_c,accelerationY,2,
field_70234_an,ticksInAir,2,
field_70235_a,shootingEntity,2,
field_70236_j,ticksAlive,2,
field_70238_i,inGround,2,
field_70249_b,arrowShake,2,Seems to be some sort of timer for animating an arrow.
field_70250_c,shootingEntity,2,The owner of this arrow.
field_70251_a,canBePickedUp,2,1 if the player can pick up the arrow
field_70252_j,ticksInGround,2,
field_70253_h,inData,2,
field_70254_i,inGround,2,
field_70255_ao,damage,2,
field_70256_ap,knockbackStrength,2,The amount of knockback an arrow applies when it hits a mob.
field_70257_an,ticksInAir,2,
field_70259_a,entityDragonObj,2,The dragon entity this dragon part belongs to
field_70260_b,health,2,
field_70261_a,innerRotation,2,Used to create the rotation animation when rendering the crystal.
field_70262_b,lightningState,2,"Declares which state the lightning bolt is in. Whether it's in the air, hit the ground, etc."
field_70263_c,boltLivingTime,2,Determines the time before the EntityLightningBolt is destroyed. It is a random integer decremented over time.
field_70264_a,boltVertex,2,A random long that is used to change the vertex of the lightning rendered in RenderLightningBolt
field_70272_f,boatZ,2,
field_70273_g,boatYaw,2,
field_70274_d,boatX,2,
field_70275_e,boatY,2,
field_70276_b,speedMultiplier,2,
field_70277_c,boatPosRotationIncrements,2,
field_70278_an,velocityZ,0,
field_70279_a,isBoatEmpty,2,true if no player in boat
field_70280_j,velocityY,0,
field_70281_h,boatPitch,2,
field_70282_i,velocityX,0,
field_70290_d,hoverStart,2,The EntityItem's random initial float height.
field_70291_e,health,2,"The health of this EntityItem. (For example, damage for tools)"
field_70292_b,age,2,The age of this EntityItem (used to animate it up and down as well as expire it)
field_70456_f,currentItemStack,0,The current ItemStack.
field_70457_g,itemStack,2,
field_70458_d,player,2,The player whose inventory this is.
field_70459_e,inventoryChanged,2,Set true whenever the inventory changes. Nothing sets it false so you will have to write your own code to check it and reset the value.
field_70460_b,armorInventory,2,An array of 4 item stacks containing the currently worn armor pieces.
field_70461_c,currentItem,2,The index of the currently held item (0-8).
field_70462_a,mainInventory,2,An array of 36 item stacks indicating the main player inventory (including the visible bar).
field_70464_b,inventoryWidth,2,the width of the crafting inventory
field_70465_c,eventHandler,2,Class containing the callbacks for the events on_GUIClosed and on_CraftMaxtrixChanged.
field_70466_a,stackList,2,List of the stacks in the crafting matrix.
field_70467_a,stackResult,2,A list of one item containing the result of the crafting formula
field_70472_d,currentRecipe,2,
field_70473_e,currentRecipeIndex,2,
field_70474_b,theInventory,2,
field_70475_c,thePlayer,2,
field_70476_a,theMerchant,2,
field_70477_b,upperChest,2,Inventory object corresponding to double chest upper part
field_70478_c,lowerChest,2,Inventory object corresponding to double chest lower part
field_70479_a,name,2,Name of the chest.
field_70481_b,slotsCount,2,
field_70482_c,inventoryContents,2,
field_70483_a,inventoryTitle,2,
field_70488_a,associatedChest,2,
field_70499_f,isInReverse,2,
field_70500_g,matrix,2,Minecart rotational logic matrix
field_70506_as,velocityZ,0,
field_70507_ar,velocityY,0,
field_70508_aq,velocityX,0,
field_70509_j,minecartY,2,
field_70510_h,turnProgress,2,appears to be the progress of the turn
field_70511_i,minecartX,2,
field_70512_ao,minecartYaw,2,
field_70513_ap,minecartPitch,2,
field_70514_an,minecartZ,2,
field_70516_a,fuse,2,How long the fuse is
field_70520_f,tickCounter1,2,
field_70522_e,art,2,
field_70529_d,xpOrbHealth,2,The health of this XP orb.
field_70530_e,xpValue,2,This is how much XP this orb has.
field_70531_b,xpOrbAge,2,The age of the XP orb in ticks.
field_70533_a,xpColor,2,A constantly increasing value that RenderXPOrb uses to control the colour shifting (Green / yellow)
field_70544_f,particleScale,0,
field_70545_g,particleGravity,0,
field_70546_d,particleAge,0,
field_70547_e,particleMaxAge,0,
field_70548_b,particleTextureJitterX,0,
field_70549_c,particleTextureJitterY,0,
field_70550_a,particleIcon,0,The icon field from which the given particle pulls its texture.
field_70551_j,particleBlue,0,"The blue amount of color. Used as a percentage, 1.0 = 255 and 0.0 = 0."
field_70552_h,particleRed,0,"The red amount of color. Used as a percentage, 1.0 = 255 and 0.0 = 0."
field_70553_i,particleGreen,0,"The green amount of color. Used as a percentage, 1.0 = 255 and 0.0 = 0."
field_70554_ao,interpPosY,0,
field_70555_ap,interpPosZ,0,
field_70556_an,interpPosX,0,
field_70557_a,theEntity,0,Entity that had been hit and done the Critical hit on.
field_70558_as,particleName,0,
field_70559_ar,maximumLife,0,
field_70560_aq,currentLife,0,
field_70561_a,initialParticleScale,0,
field_70562_a,flameScale,0,the scale of the flame FX
field_70563_a,materialType,0,the material type for dropped items/blocks
field_70564_aq,bobTimer,0,The height of the current bob
field_70570_a,reddustParticleScale,0,
field_70571_a,portalParticleScale,0,
field_70572_as,portalPosZ,0,
field_70573_ar,portalPosY,0,
field_70574_aq,portalPosX,0,
field_70575_a,particleScaleOverTime,0,
field_70576_a,footstepAge,0,
field_70577_ar,currentFootSteps,0,
field_70578_aq,footstepMaxAge,0,
field_70579_a,timeSinceStart,0,
field_70580_aq,maximumTime,0,the maximum time for the explosion
field_70583_ar,theRenderEngine,0,The Rendering Engine.
field_70585_a,noteParticleScale,0,
field_70586_a,lavaParticleScale,0,
field_70587_a,smokeParticleScale,0,
field_70588_a,snowDigParticleScale,0,
field_70590_a,baseSpellTextureIndex,0,Base spell texture index
field_70591_a,entityToPickUp,0,
field_70592_at,yOffs,0,renamed from yOffset to fix shadowing Entity.yOffset
field_70593_as,maxAge,0,
field_70594_ar,age,0,
field_70595_aq,entityPickingUp,0,
field_70696_bz,attackTarget,2,The active target the Task system uses for tracking
field_70698_bv,defaultPitch,2,
field_70699_by,navigator,2,
field_70700_bx,numTicksToChaseTarget,2,How long to keep a specific target entity
field_70701_bs,moveForward,2,
field_70702_br,moveStrafing,2,
field_70703_bu,isJumping,2,used to check whether entity is jumping.
field_70704_bt,randomYawVelocity,2,
field_70705_bn,newRotationPitch,2,The new yaw rotation to be applied to the entity.
field_70708_bq,entityAge,2,The age of this EntityLiving (used to determine when it dies)
field_70709_bj,newPosX,2,The new X position to be applied to the entity.
field_70710_bk,newPosY,2,The new Y position to be applied to the entity.
field_70712_bm,newRotationYaw,2,The new yaw rotation to be applied to the entity.
field_70713_bf,activePotionsMap,2,
field_70714_bg,tasks,2,"Passive tasks (wandering, look, idle, ...)"
field_70715_bh,targetTasks,2,"Fighting tasks (used by monsters, wolves, ocelots)"
field_70716_bi,newPosRotationIncrements,2,The number of updates over which the new position and rotation are to be applied to the entity.
field_70717_bb,attackingPlayer,2,The most recent player that has attacked this entity
field_70718_bc,recentlyHit,2,"Set to 60 when hit by the player or the player's wolf, then decrements. Used to determine whether the entity should drop items on death."
field_70720_be,arrowHitTimer,2,
field_70721_aZ,limbSwingAmount,2,
field_70722_aY,prevLimbSwingAmount,2,
field_70723_bA,senses,2,
field_70724_aR,attackTime,2,
field_70725_aQ,deathTime,2,"The amount of time remaining this entity should act 'dead', i.e. have a corpse in the world."
field_70726_aT,cameraPitch,2,
field_70727_aS,prevCameraPitch,2,
field_70728_aV,experienceValue,2,The experience points the Entity gives.
field_70729_aU,dead,2,"This gets set on entity death, but never used. Looks like a duplicate of isDead"
field_70732_aI,prevSwingProgress,2,
field_70733_aJ,swingProgress,2,
field_70735_aL,prevHealth,2,
field_70737_aN,hurtTime,2,The amount of time remaining this entity should act 'hurt'. (Visual appearance of red tint)
field_70738_aO,maxHurtTime,2,What the hurt time was max set to last.
field_70739_aP,attackedAtYaw,2,The yaw at which this entity was last attacked from.
field_70744_aE,scoreValue,2,"The score value of the Mob, the amount of points the mob is worth."
field_70746_aG,landMovementFactor,2,"A factor used to determine how far this entity will move each tick if it is walking on land. Adjusted by speed, and slipperiness of the current block."
field_70747_aH,jumpMovementFactor,2,A factor used to determine how far this entity will move each tick if it is jumping or falling.
field_70749_g,lookHelper,2,
field_70752_e,potionsNeedUpdate,2,Whether the DataWatcher needs to be updated with the active potions
field_70754_ba,limbSwing,2,Only relevant when limbYaw is not 0(the entity is moving). Influences where in its swing legs and arms currently are.
field_70755_b,entityLivingToAttack,2,"is only being set, has no uses as of MC 1.1"
field_70756_c,revengeTimer,2,
field_70757_a,livingSoundTime,2,Number of ticks since this EntityLiving last produced its sound
field_70758_at,prevRotationYawHead,2,Entity head rotation yaw at previous tick
field_70759_as,rotationYawHead,2,Entity head rotation yaw
field_70760_ar,prevRenderYawOffset,2,
field_70761_aq,renderYawOffset,2,
field_70762_j,bodyHelper,2,
field_70765_h,moveHelper,2,
field_70767_i,jumpHelper,2,Entity jumping helper
field_70771_an,maxHurtResistantTime,2,
field_70772_bD,maximumHomeDistance,2,If -1 there is no maximum distance
field_70773_bE,jumpTicks,2,Number of ticks since last jump
field_70775_bC,homePosition,2,
field_70776_bF,currentTarget,2,This entity's current target.
field_70786_d,pathToEntity,2,
field_70787_b,hasAttacked,2,returns true if a creature has attacked recently only used for creepers and skeletons
field_70788_c,fleeingTick,2,Used to make a creature speed up and wander away when hit.
field_70789_a,entityToAttack,2,The Entity this EntityCreature is set to attack.
field_70791_f,attackCounter,2,
field_70792_g,targetedEntity,2,
field_70793_d,waypointZ,2,
field_70794_e,prevAttackCounter,2,
field_70795_b,waypointX,2,
field_70796_c,waypointY,2,
field_70797_a,courseChangeCooldown,2,
field_70798_h,aggroCooldown,2,Cooldown time between target loss and new target aquirement.
field_70810_d,slimeJumpDelay,2,ticks until this slime jumps again
field_70811_b,squishFactor,2,
field_70812_c,prevSquishFactor,2,
field_70813_a,squishAmount,2,
field_70826_g,stareTimer,2,A player must stare at an enderman for 5 ticks before it becomes aggressive. This field counts those ticks.
field_70827_d,carriableBlocks,2,
field_70828_e,teleportDelay,2,Counter to delay the teleportation of an enderman towards the currently attacked target
field_70833_d,timeSinceIgnited,2,The amount of time since the creeper was close enough to the player to ignite
field_70834_e,lastActiveTime,2,"Time when this creeper was last in an active state (Messed up code here, probably causes creeper animation to go weird)"
field_70837_d,angerLevel,2,Above zero if this PigZombie is Angry.
field_70838_e,randomSoundDelay,2,A random delay until this PigZombie next makes a sound.
field_70843_d,allySummonCooldown,2,A cooldown before this entity will search for another Silverfish to join them in battle.
field_70847_d,heightOffset,2,Random offset used in floating behaviour
field_70848_e,heightOffsetUpdateTime,2,ticks until heightOffset is randomized
field_70855_f,attackTimer,2,
field_70856_g,holdRoseTick,2,
field_70857_d,villageObj,2,
field_70858_e,homeCheckTimer,2,"deincrements, and a distance-to-home check is done at 0"
field_70859_f,squidYaw,2,
field_70860_g,prevSquidYaw,2,
field_70861_d,squidPitch,2,
field_70862_e,prevSquidPitch,2,
field_70863_bz,randomMotionSpeed,2,
field_70864_bA,rotationVelocity,2,change in squidRotation in radians.
field_70865_by,lastTentacleAngle,2,the last calculated angle of the tentacles in radians
field_70866_j,tentacleAngle,2,angle of the tentacles in radians
field_70867_h,squidRotation,2,"appears to be rotation in radians; we already have pitch & yaw, so this completes the triumvirate."
field_70868_i,prevSquidRotation,2,previous squidRotation in radians
field_70869_bD,randomMotionVecY,2,
field_70870_bE,randomMotionVecZ,2,
field_70872_bC,randomMotionVecX,2,
field_70881_d,inLove,2,
field_70882_e,breeding,2,This is represent
